question,answer
炭治郎潜入屋的时候化名什么,炭子
鬼灭之刃题目所有呼吸的起源是,日之呼吸
传记中小袖之手一直在等待谁归来,弟弟
谁眼睛最少的,山童天邪鬼黄
妖刀姬施放满级杀戮时每次转换攻击目标攻击次激会增,2
御魂青女房的两件套可能触发的效果是,暴击加成
灶门炭治郎在哪里参加了最终选拔,藤袭山
灶门祢豆子通过哪种方式恢复体力,睡觉
千姬的海原贝戟继承千姬百分之几的防御,100即全部
辉夜姬的技能龙首之玉所触发的幻境没有以下哪一个效果,生命值增加
鬼灭之刃题目杏寿郎被车站的少女用什么砸到,红豆沙面包
对于鬼童丸附加骸之锁的目标以下哪种说法是的,无法受到改变行动条的效果
以下哪款皮肤不属于面灵气,永夜无眠
鬼灭之刃题目炭治郎用哪一招式砍断了下弦之壹魇梦的脖子,火之神神乐
烟花大会中哪种安全措施是必须遵守的,保持安全距离
孟婆最初是为了谁才调制能使人忘却一切的汤药,母亲
获得结界皮肤编心织忆后可以获得以下哪种加成,结界卡经验加成
以下哪款APP每日签到可以获得专属头像框,大神APP
一寸光阴一寸金是形容什么,时间宝贵
按照长沙标准以下不属于干垃圾的是,花生壳
剧情中阁魔要求晴明镇压的妖怪是谁,傀儡师
声名大振,5000
以什么为媒介普通人也就可以进入魇梦制造的梦境,绳子
御魂共潜的四件套可能触发的效果是,驱散负面状态
六弦琴的别称是什么,吉他
成语典故专心致志和棋文化有关,是的
想要领取寮资金需要上周累计功勋达到多少,100
三更半夜中的三更指的是几点,23点至凌晨1点
传说每年平安夜晚圣诞老人送礼物时乘坐的雪橇是什么动物拉的,驯鹿
上弦三猗窝座邀请杏寿郎做什么,成为鬼
轻于鸿毛中的鸿毛是哪种动物的毛,大雁
辉夜姬的坐骑是什么,竹子
不属于岁寒三友的是,兰
无限列车中第一个从下弦之壹魇梦制造的梦境中醒来的人是,灶门炭治郎
鬼切攻击后最多会追加多少次对敌方全体的斩击,1
呱太入侵京都是为了,毁灭京都
柠檬汁有什么营养含量,维生素A和维生素C
切脉是中医独创的诊法中医把脉时摸的是动脉,是的
前来拜托晴明的是跳跳一家中的,跳跳妹妹
初次见到灶门祢豆子是我妻善逸怎样看待祢豆子,她好可爱
小时像逗号在水中玩耍长大跳得高捉虫是冠军打一动物名,青蛙
狐影守吸收伤害总量与白藏主的哪个属性有关,生命上限
以下妖怪中手里把玩剑玉的是谁,天邪鬼赤
娘子娘子身似盒子麒麟剪刀八个钗chai子打一动物,蟹将
身无分文想学魔术猜一成语,穷则思变
通过什么判断炭治郎使用的日之呼吸,耳饰
鬼童丸获得几层狂时会进入修罗状态,3
被称为液体面包的是,啤酒
下列动物中不能够眨眼的动物是,蛇
三国时期割须弃袍的是谁,曹操
按照长沙标准碎玻璃属于哪种垃圾,可回收物
御怨般若开启封印结界非怪物敌方会受到以下哪种效果,其余选项皆对
以下哪个式神没有驱散能力,天井下
蝉冰雪女施放永冬技能会给目标附加以下哪种状态,霜冻
世界上火山最多的非洲是南美洲,不是
百鬼夜行中非鬼王SSR级式神每次可以提供多少碎片,1片
以下式神中曾喜欢吃紫苏的是,吸血姬
美食结界卡可以提供什么额外奖励,式神碎片
冰箱或空调泄露的哪种物质会破坏大气层臭氧层,氟利昂
炭治郎用那一招砍断了梦魇的脖子,火之神神乐
祢豆子木箱原材料的特点,非常轻
花鸟卷呱憧憬的对象是谁,花鸟卷
上弦之参猗窝座第一次见炼狱杏寿郎便邀请他,成为鬼
常见的贫血一般是缺什么,铁
鳞泷左近次与炭治郎的关系,师徒
在大岳丸放逐敌方目标过程中普攻增加以下哪种效果,其余选项皆对
若新月是日出时落下那下弦月什么时候升起,午夜
歇后语泥菩萨过河的后一句是什么,自身难保
绘卷中丸曾经的老师是,贺茂忠行
缘结神几个缘结,4个
炭治郎训练吹破了什么,葫芦
以下式神中哪一位是可爱的女孩子,座敷童子纸舞
以下哪项不属于交通信号,交通宣传广告
三十年河东三十年河西中的河最初指什么,黄河
御魂破势的两件套可能触发的效果是,暴击加成
传记中谁将两面佛封印了百余年,晴明
挑战惯怒的石距副本需要消耗多少体力,45
剧情中凤凰火请求晴明将谁从孔雀林中带走,八百比丘尼
三更半夜的三更是几点,23点至凌晨1点
绘卷中寻找大妖的贺茂义心称不知火为,阿离
黄河最终注入哪个海,渤海
现世中达摩不倒翁有着祈愿之意为达摩画上右眼象征着,许愿
剧情中辉夜姬的好朋友是谁,金鱼姬
御魂海月火玉的四件套可能提供什么效果,伤害提升
灶门炭治郎潜入游郭荻本屋时化名,炭子
天干纪法中天干有10个那么地支有几个,12
沉鱼落雁闭月羞花中的沉鱼是指西施,是的
荒骷髅的主人,彼岸花
游郭篇的战斗中灶门炭治郎如何安抚鬼化发狂的灶门称豆子,唱摇篮曲
以下式神中没有面具的是,狸猫
茨木童子的手臂是被拿把刀砍断的,鬼切
做奇怪动作惹人注意的,荒呱
花鸟卷是什么化成的妖怪,画卷
以下式神中谁曾是一位僧人,青坊主
招福达摩的眼睛是,都是白色
以下结界卡中可以获得体力的是,斗鱼
以下哪种能力不包含在星熊童子被动技能中,减少受到的暴击伤害
莹草的治疗与自身的哪个属性相关,攻击
普通人通过什么媒介进入魇梦制造的梦境,绳子
世界上最小的鸟,蜂鸟
桃花潭水深千尺不及汪伦送我情中的我是哪位诗人,李白
世界上最小的鸟是,蜂鸟
山兔的坐骑是什么动物,蛙
数珠最多能获得多少个佛珠,6
秦始皇死前遗诏是让谁继承皇位,扶苏
敌方被百目鬼附加凝视状态后主动技能会被替换为以下哪个技能,邪光
五香除了花椒茴香籽外还包括什么,八角桂皮丁香花蕾
剧情中八百比丘尼在孔雀林中等待了晴明多久,三十年
赤影妖刀姬的穷追不舍技能会对敌方哪个目标附加锁定,生命比例最低
鬼灭之刃题目灶门祢豆子咬的竹筒是谁让她咬着的,富冈义勇
以下哪种控制效果不能被驱散,变形
祢豆子的竹筒是谁让咬着的,富冈义勇
三线电缆中的红色线是,火线
以下式神中黑发白帽的是,白童子
按照长沙标准珍珠奶茶的珍珠属于哪种垃圾,湿垃圾
通过参加百鬼夜行可能获得什么,式神碎片
以下哪个是柔的技能,温柔的守护
以下式神中手上提着灯的是,提灯小僧兔丸
土蜘蛛在什么地区出现,青之森
以下妖怪中能够吞食噩梦的是,食梦貘
满足什么条件后就能够将式神放置于庭院内,解锁传记一至三传记全解锁
剧情中阎魔要求晴明镇压的妖怪是谁,傀儡师
以下技能提供护盾保护友方的是,方圆之备
潜伏在游郭的上弦之陆有几个人,2
御魂兵主部的两件套可能触发的效果是,攻击加成
剧情中是谁告诉晴明草薙剑的碎片在冥界,黑晴明
以下哪种方式可以获得勋章,其余选项皆对
爱照镜子的呱,大天狗呱
庭院中地藏像前有使用七曜记日的木牌关于七曜日其正确的排序是,日月火水木金土
荒作为神的使者最初降临在哪里,海边的村庄
以下式神中没有翅膀的是,山童
以下式神中身上带有面具的是,般若鸦天狗
喝哪种开水对健康有益,冷却到25度的温凉白开水
跳跳一家中的谁误入了冥界,跳跳哥哥
庭院中出现的扫地工小纸人的手是颜色,淡紫色
御馔津的真实身份是,稻荷神
不携带任何御魂的麓铭能附加哪种控制效果,眩晕
剧情中在鸭川河扰乱青龙守护结界的是谁,荒川之主
以下哪个不是化鲸的技能,鲸骨开
祢豆子通过什么来恢复体力,睡觉
不携带任何御魂的凤凰火能附加哪种控制效果,眩晕
以下哪个不属于三原色,白
鬼舞辻无惨让猗窝座找的东西是,蓝色彼岸花
甲骨文是写在什么上面的,龟甲
SSR式神可以通过多少个对应的式神碎片召唤获得,50
炭治郎日轮刀的颜色,黑色
鬼灭之刃题目炭治郎水之呼吸有几种招式,十种
剧情中谁管是晴明失忆前的式神,九命猫
以下哪个不是五福临门中的一个福,聪慧
以下式神中由竹子所化的是,万年竹
以下式神中因曾连累过朋友而感到自责的是,狸猫
按照长沙标准榴莲壳属于哪种垃圾,干垃圾
花鸟卷呱为了模仿花鸟卷引起谁的不满,妖刀姬呱
鬼灭中鬼厌恶的花是,紫藤
手无寸铁猜一字,控
头像框一乌帽子的获得方式是,每周斗技本服前一百名
除了哪一项其他都是每日签到可能获得的奖励,新式神
鬼灭之刃题目炭治郎额头的印记最初是怎么形成的,被火盆烫伤
鬼灭之刃题目通过什么判断炭治郎使用的日之呼吸,耳饰
是谁将祢豆子变成了鬼,无惨
人类宇航员第一次进行太空漫步是哪一年,1965
匣中少女在友方行动后可以使其,获得护盾
金戈铁马气吞万里如虎是岳飞的词句,不是
小明与小强比赛爬楼梯小明爬到3楼时小强到4楼小明爬到7楼时小强到几楼,10
成语乌合之众中的乌指的是什么动物,乌鸦
以下哪个不是御怨般若的技能,蚀骨
乘座二轮摩托车时,须带安全帽
鬼舞社无惨让猗窝座找的东西是,蓝色彼岸花
以下是神中手持纸伞的是,姑获鸟
能提高身体排污能力的食品是,粗粮豆类海藻
御魂贝吹坊的四件套可能触发的效果是,抵挡伤害
源博雅对于做什么事情没有抵抗力,与强者比试
青行灯的技能吸魂灯每次可能吸取敌方几点鬼火,1
灶门炭治郎初次见到列车时认为它是,土地守护神
以下式神中谁的尾巴数最多,三尾狐
式神满足以下哪个条件才可以升星,达到当前最大等级
地震鲶所说的冒牌货是指谁,追月神
御魂返魂香的四件套可能触发的效果是,眩晕伤害者
不知火星火结界下的额外普攻以下哪种描述是的,其余选项皆对
青行灯的技能吸魂灯每次对一名敌方最多可能吸取几点鬼火,1
以下哪个字用作表示顺序的第五位,戊
以下阴阳师中谁可以复活友方式神,百八比丘尼
阳春白雪和下里巴人这两个成语最初指的是,乐曲
每天几点可以参与逢魔之时玩法,17时
跳跳妹妹的宠物狗的名字是,番茄
五香除了花椒茴香还有那三种,八角桂皮丁香花蕾
鬼王酒吞童子施放天火怒焱不包含以下哪种效果,提升速度
以下式神中来自高天原的是,御馔津
杨继洲是哪个朝代的针灸大师,明朝
挑战真八岐大蛇副本需要消耗多少体力,60
嘴平伊之助战斗时使用几把日轮刀,2把
传记中海坊主为何要打劫并威胁渔夫们,保护渔夫
与珠世同行的鬼是谁,愈史郎
传记中青行灯呱为了模仿青行灯脑洞了哪些故事,其余选项皆对
待宵姑获鸟可为队友附加羽念印记的层数上限是,5
火猜一成语,灭顶之灾
唐代重要人员的官方护照叫什么,过所
按照长沙标准小龙虾属于哪种垃圾,湿垃圾
以下皮肤中哪款不属于鬼切,琥珀龙吟
通常人们在信尾写上此致敬礼这个此指的是,信的内容
以下式神中手持扇子的是,椒图
神乐是萝莉还是御姐,萝莉
现世中达摩不倒翁有着祈愿之意为达摩画上左眼象征着,许愿
以下式神中手持折扇的是,荒川之主弈妖狐
鬼灭之刃题目泷左近次与炭治郎的关系,师徒
协同斗技玩法的入口在哪里,町中
八岐大蛇的不洁之力能提升友方目标的哪种能力,速度
嘴平伊之助第一次摘掉头套时我妻善逸的反应,长得像女生一样
我妻善逸的麻雀名叫,啾太郎
宇髄天元出生什么世家,忍者世家
以下哪个不属于中国三大国粹,风水学
流行语世界那么大我想去看看出自于哪里,辞职信
阴阳师等级多少级百鬼夜行才会出现sp式神,60
SSR式神需要多少个碎片进行召唤,50个
现世传说中破解挡住去路的墙壁妖怪涂壁的方法是,踹其墙根
烟花设计中哪种技术用于产生瀑布效果,使用长条火药
酒吞童子狂气最多可获得几层,4
老大人联欢猜一成语,非同儿戏
剧情中在朱雀门扰乱朱雀守护结界的是,雪女
古人所称的拙荆是指自己的妻子,是的
王羲之对鱼十分偏爱并从他的体态姿势上领悟到书法执笔运笔的道理,不是
神乐的技能通灵疾风的效果是,使一名队友立即获得行动机会
鬼灭中梦魇如何避免强制昏睡进入梦境,避免对视
鬼灭之刃题目祢豆子通过什么来恢复体力,睡觉
传记中妖刀姬呱参加试胆大会被谁骗走了钱财,铁鼠
剧情中金鱼姬邀请谁参加了女子会,荒
以下哪一类茶是半发酵茶,乌龙茶
源博雅对于做什么事没有抵抗力,与强者比试
我国古代能工巧匠的杰出代表鲁班不姓鲁,是的
以下哪种方法可以获取蟹姬皮肤海之大将,协同荣誉兑换
无限列车有多少节车厢,8节
风姿度达到多少可以解锁风姿銮华扇,8000
黄金布包银条中间弯弯两头翘猜水果,香蕉
所有呼吸的起源是什么,日之呼吸
游郭篇的战斗中灶门炭治郎如何安抚鬼化发狂的灶门祢豆子,唱摇篮曲
招福达摩的眼睛是怎样的,都是白色
可以在战斗时召唤出影分身协战的阴阳师是谁,源博雅
以下式神中手持纸伞的是,姑获鸟
青行灯的幽蝶花舞皮肤需要多少皮肤卷,150
可以达到指导后辈的成就点,2500点
久次良施放鱼鳞之备使友方全体获得什么效果,增加行动条
以下式神中居住在森林中的是,小松丸虫师
以下式神中哪一个能为友方提供护盾,其余选项皆对
一目连失去的眼睛是哪只,右眼
以下式神中声优和其他不一样的是,桃花妖
御魂海月火玉的四件套可能触发的效果是,伤害提升
日和坊存储日光能量的方式是,其余选项皆对
传记中青行灯呱在给辉夜姬呱说起怪谈故事的时候会发生什么,自己先睡着了
人体那个关节活动幅度最大,肩关节
以下式神中谁没有办法治疗队友,凤凰火
每日的前多少次阴阳寮任务可以获得双倍奖励,10
以下哪个式神的技能无法降低敌方暴击,薰
以下技能中能够沉默敌人的技能是,天降之物
绿色蔬菜营养丰富下列不属于绿色蔬菜所含营养物质的为,蛋白质
传记中是谁欺负铁鼠抢走了它的轮子,九命猫
以下哪个式神没有复活友方的能力,白童子
以下哪个不是千姬的技能,凌波
以下式神中鱼头人身的是,海坊主
对人体来说最高的安全电压是多少伏,36
以下哪种道具是无法召唤出ssr式神的,破碎的符咒
灶门炭治郎潜入游郭荻本屋时化名为,炭子
灶门称豆子平时咬在嘴里的东西是,竹简
以下式神中哪个在攻击沉睡目标时不会让其苏醒,食梦貘
以下哪款皮肤不属于妖刀姬,冬岚之刃
question,answer
但愿人长久千里共婵娟中的婵娟指什么,月亮
御馔津的真实身份是什么,稻荷神
杏寿郎告诉父亲自己成为炎柱后父亲回答,无聊无谓
蟋蟀是靠什么发出鸣叫声的,翅膀
问鼎中原是在讲谁的故事,楚庄王
剧情中八岐大蛇与谁缔结契约,源赖光
风车之国的风车是用来,提水的
饿鬼的姐姐吃什么,树根
以下哪种道具是无法召唤出SSr级式神,破碎的符咒
出现在下弦之壹魇梦为我妻善逸制造梦境的是,灶门祢豆子
大江山鬼族之王酒吞童子被谁所击杀,源赖光
阳春白雪和下里巴人最初指的是,乐曲
灶门祢豆子平时咬在嘴里的东西是,竹筒
鬼灭之刃题目堕姬的武器是,腰带
地震鲶在什么地区出现,稻荷神社
太阳直射北回归线是24节气中的,夏至
永久勾玉卡每小时可获得多少勾玉,6
鬼灭之刃题目灶门称豆子平时咬在嘴里的东西是,竹筒
以下式神中谁的技能能为友方式神提升效果抵抗,白童子
传记中三尾狐在樱花树下初遇并仰慕的人是,巫女大人
以下谁不是音柱宇髓天元的妻子,灶门称豆子
不携带任何御魂的镰勘能附加哪种控制效果,眩晕
御魂地藏像的四件套可能触发的效果是,获得护盾
判官钟情于谁,阎魔
以下式神中自称小生的是,妖狐
人体具有解毒作用的内脏是,肝脏
御魂薙魂的四件套可能触发的效果是,分担伤害
以下式神中手持一杆长烟的是,食发鬼
以下式神中有兄弟或姐妹是谁,跳跳弟弟
头像框千眷依的获得方式是,签到1500天
小花的爸爸有3个儿子大儿子叫大毛二儿子叫二毛三儿子叫什么,小花
诗经共305篇可分为三部分以下哪个不是其中一部分,俗
剧情中前来拜托晴明的是跳跳一家中的谁,跳跳妹妹
下弦一魇梦与什么融为一体,无限列车
以下式神中谁被觉称为爱哭鬼,童女
以下式神中被称为百物语之主的是,青行灯
御魂心眼的两件套可能触发的效果是,攻击加成
以下式神中没有翅膀的是,山童彼岸花
战国时期的兵器打多用那种材料制成,青铜
单人挑战御魂或觉醒副本的一到十层需要消耗多少体力,6点
剧情中草薙剑的碎片藏在何处,冥府
以下式神中喜欢摇着手鼓跳舞的是,蝴蝶精
鬼灭之刃题目猗窝座邀请炼狱杏寿郎做什么,变成鬼
以下呱太中谁最喜欢照镜子,大天狗呱
哪个呱太在出门前总要检查口脂有没有涂得完美对称,彼岸花呱
荒骷髅在什么地区附近出现,三途川
雪女的技能暴风雪可能对敌方造成什么效果,冰冻
成语祸起萧墙中萧墙指的是哪种家具,屏风
钱即正义消耗几点鬼火,2点
以下哪种方法可以获得逢魔之魂,其余选项皆对
阴阳师平安物语第二季其片尾曲叫做,真夏绘卷
sr阶式神可以通过多少个碎片召唤,40
以下式神中手上提着灯的是,提灯小僧
烟火大会中哪种情况下应该立即撤离,烟火表演中出现异常
灶门炭治郎遭遇的第一个十二鬼月是谁,累
三国演义中张飞的长子是,张苞
声望达到多少可以每日挑战3只不同的地域鬼王,10000
金钩吊银圈姐妹隔座山若要来相会需到天色晚打一日常用品,耳环
以下式神中额头上没有犄角的是,椒图
薰身边的鸟类伙伴是什么鸟,鸮
此致敬礼中的此指的是什么,信的内容
每周获取数量有上限的是,斗技荣誉点
百鬼夜行中非鬼尺级式神每次可以提供多少碎片,3片
在水一方的歌词来源于哪里,诗经
阴阳师平安物语第二季片尾曲叫做,真夏绘卷
绘卷中教导铃鹿御前理解义理的力量的是,田村
用以下哪种道具是无法召唤出SSR式神的,破碎的符咒
下面哪一个字用作表示顺序的第五位,戊
以下哪个动物不能眨眼,蛇
在古代人们尊称对方的妻子为令正,是的
以下哪个御魂的两件套属性不是效果抵抗,针女
庭院中地藏像前有使用七曜记日的木牌关于七曜日其的排序是,日月火水木金土
头像框与君共的获取方式是,签到365天
以下哪一项不是每日任务的内容,斗技
御行达摩的眼睛是怎样的,左黑右白
以下角色中谁是玉藻前的好友,葛叶
以下式神中谁的眼睛最少,独眼小僧
亚洲耕地面积最大的是中国,不是
以下式神中稀有度最高的是,雪女
升级式神需要消耗的道具或材料不包含以下哪一个,神秘的符咒
麻婆豆腐是那一菜系的名菜,川菜
阴阳寮宴会料理的品级不包括,良品
以下式神中人身鱼尾的是,椒图
穿着僧袍的鼠妖指的是,铁鼠
妖狐的狂风刃卷发出的风刃最少是多少次,2次
以下式神中想要和哥哥永远在一起的是谁,傀儡师
人体含水量百分比最高的器官是,眼球
绿色颜料用完了用什么颜色混合,黄色和蓝色
所有呼吸的起源是,日之呼吸
头像框百鬼之主的获得方式是,为惠而战捌段前十
头像框京都名士的获得方式是,为崽而战捌段前五百
正五边形有多少条对角线,5
可以通过什么方式获得金币,其余选项皆对
山童最喜欢吃的食物是什么,饭团
下弦之壹魇梦最终与什么东西融为一体,无限列车
奉为达摩的眼睛是怎样的,都是黑色
苏轼在念奴娇赤壁怀古中提到了羽扇纶巾谈笑间樯橹灰飞烟灭羽扇纶巾形容的是诸葛亮,不是
独眼小僧是什么化成的妖怪,木鱼
御魂火灵的四件套可能触发的效果是,获得鬼火
以下式神中没有尾巴的是,雪女
灶门称豆子木箱的原材料雾云杉拥有何种特征,非常轻
剧情中是谁将首无封印,白狼
绘卷中是谁教唆面灵气含弃一切的,狐面
平安百物语中茨木呱在胧车战败后为何落荒而逃,惧怕被捏脸
请问括号中最适合的数字是几,13
大江山轶闻在鬼王座茨木童子和鬼切中了谁的幻术,海鸣
9级的经验酒壶每次可以存储多少溢出经验,80000
以下式神中没有翅膀的是,彼岸花
狂犬病的主要表现为,高度兴奋
不携带任何御魂的辉夜姬普攻会概率触发什么效果,削减敌方目标鬼火
头像框京都名士的获得方式是,为患而战捌段前五百
以下哪个式神没有击退行动条的能力,面灵气
根据御魂描述以下哪种御魂的4件套效果触发时机与其他选项不同,招财猫
以下式神中手持小折扇的是,金鱼姬追月神
敖包相会中的敖包是,石堆
传记中络新妇是被什么东西蚕食肉体而后化为妖怪的,毒蜘蛛
星火,星火是最帅的
绘卷中山风吃掉了身为人类的,薰
帮助几位后辈完成独当一面任务后可以获得誉满京都头像框,5
待宵姑获鸟可为队友附加羽 念印记的层数上限是,5层
鬼灭之刃题目炭治郎遇到的第一个十二鬼月是谁,累
千寿郎将什么作为兄长遗物送炭治郎,刀锷
金鱼姬邀请了谁参加女子会,荒
以下皮肤中哪款不属于面灵气,永夜无眠
巫蛊师对谁有特别的执念,蝴蝶精
是谁将灶门祢豆子变成了鬼,鬼舞辻无惨
以面色鲜红的形象出现的是,提灯小僧
以下式神中手上提着灯的是,兔丸
以下呱太中最会惹麻烦的呱,茨木呱
按照宁波标准以下不属于厨余垃圾的是,速冻食物包装盒
炼狱槙寿郎通过什么认定灶门炭治郎使用的是日之呼吸,耳饰
谁手上系着气球,茨木呱
以下式神中谁常常告诫人们不要靠近森林,小松丸
平安百物语中酒吞童子第一次见到酒吞呱时感受如何,觉得可爱
阴阳师平安物语第二季其片尾曲叫做,真夏物语
小白拥有几条尾巴,两条
以下式神中手持小折扇的是,金鱼姬
失足青楼连栽跟头猜一成语,红尘仆仆
以下式神中沉默寡言的是谁,黑童子
孟婆的好朋友是谁,山兔
绘卷中鬼切原本的身份是,大江山的妖怪
待宵姑获鸟可为队友附加羽念印记的层数上限是,5层
以下技能中能够保护友方的技能是,风神之佑
胧车结界卡可以提供什么额外奖励,八岐大蛇鳞片
炭治郎头发是什么颜色,偏红色
铃鹿御前的麓魂极获得的护盾与自身的哪个属性有关,攻击
甲骨文是写在什么上面的,兽骨
以下式神中沉默寡言的是,黑童子
游园会上哪种表演通常在晚上举行,烟火表演
博士作为官名最早出现在,奏
我妻善逸用于和其他队员联系的动物是,麻雀
以下式神中手持巨大妖刀的是谁,妖刀姬
匣中少女在友方行动后概率使其,获得护盾
鬼灭之刃题目宇髓天元出生于什么世家,忍者世家
剧情中暗恋鲤鱼精的妖怪是谁,河童
西气东输工程西气我国四大油田中的,塔里木油气田
匣中少女的手上拿着的是,人偶
御魂兵主部的两件要可能触发的效果是,攻击加成
一目连呱把谁当做妹妹来照顾,妖刀姬呱
以下哪个不是帝释天的技能,苦海浮生
通常大家说的浙江沪包邮中江指的是哪里,江苏
一只八宝袋样样都能装能装棉和纱能装铁和钢打一日常用品,针线包
以下哪种控制效果能被驱散,封印
在座敷童子剧情中座敷童子为了谁而抓走小妖怪,母亲
式神孟婆的坐骑妖锅的名字叫做什么,牙牙
鬼灭之刃题目鬼灭中鬼最讨厌的花是,紫藤花
以下皮肤中哪款不属于彼岸花,竹子辉夜姬
大陆漂移假说的创始人是,魏格纳
升级御魂需要消耗的道具或材料有以下哪一个,御魂
亲友使用自己的协战式神前多少次可以获得奖励,50
百鬼夜行中非鬼王ssr式神每次提供多少碎片,1
蜗牛头上一对的触角主要有什么作用,探路
百鬼夜行中非鬼王R式神每次提供多少碎片,3
以下式神中谁的眼睛最少,独眼小僧山童天邪鬼黄
镰融三兄弟的长兄叫做,一太郎
小袖之手一直在等待谁归来,弟弟
豆蔻年华是指几岁,13岁
灶门祢豆子通过那种方式恢复体力,睡觉
雪童子因为沾染了谁的妖气才获得了长久的生命,玉藻前
传记中荒川呱遇到荒川之主后做了什么,跪地求饶
1989年3月发生的十几个强烈的活动引起短波通讯15次中断24次全部中断,磁暴
以下呱太中最给别人添麻烦的是,茨木呱
下列哪个数字被6整除被5除余3被4除余2,18
鬼灭之刃题目炭治郎在最终选拔中遇到的鬼是,手鬼
轻与鸿毛中的鸿毛是指那种动物的毛,大雁
挑战愤怒的石距副本需要消耗多少体力,45
绘卷中谁是守护永生之海的鲛人公主,千姬
以下式神中人身鱼尾的是,鲤鱼精
鬼灭之刃题目宇髓天元出生什么世家,忍者世家
人体最大的解毒器官,肝脏
白居易曾在琵琶行里用大珠小珠落玉盘来形容的乐器是,琵琶
地震鲶在什么地区附近出现,稻荷神社
炭治郎在哪里参加选拔,藤袭山
施放的无尽剑狱会在什么时机关闭,的下一回合结束
头像框相依偎的获得方式是,签到500天
可以在秘卷屋中兑换的道具有,其余选项皆对
鬼灭之刃题目灶门炭治郎无法面不改色做的事情是,撒谎
月球是地球唯一的彗星,不是
阴阳寮宴会中便当包含的食材有,其余选项皆对
好友结界寄养时长为,6小时
骨质疏松症主要是身体缺乏那种矿物质,钙
召唤新式神需要消耗的道具是,神秘的符咒
烟花中使用的延迟剂通常是什么,石蜡
鬼灭之刃题目炭治郎用那一招砍断了梦魇的脖子,火之神神乐
以下召唤物中谁具有最高的召唤优先级,缚骨清姬的蛇灵
获取结界皮肤折梦祈月后结界突破可以获得以下哪种加成,效果抵抗加成
以下哪个技能可以沉默敌人,怨魂重压
以下式神中精通女红的是,小袖之手
青行灯是在哪里第一次遇到凤凰火的,凤凰林
 独眼小僧背着的石僧是他的谁,师父
以下式神中想要和哥哥永远在一起的是,傀儡师
我们常说三教九流以下哪个不属于三教,法教
以下式神中谁将铃鹿山的各项事物交予,铃鹿御前
御魂出世螺的四件套可能触发的效果是,恢复生命
头像框乌帽子的获得方式是,每周斗技前一百名
鬼灭之刃题目嘴平伊之助口头禅,猪突猛进
烟花大会通常在哪个季节举行,夏季
鬼灭之刃题目嘴平伊之助的口头禅是,猪突猛进
周武王在那一场战役中给予商朝致命一击,牧野之战
非酋系列成就的奖励包括,其余选项皆对
以下式神中目不能视的是,判官
鬼女红叶喜欢的人是谁,晴明
八卦中代表雷的卦象叫震卦,是的
鬼火行动条的格数是,5
黑晴明的式神是,大天狗和雪女
那种方式可以避开魇梦让人陷入梦境,避免对视
姬的海原贝戟生命值与千姬的哪个属性有关,攻击
鸩的哪个部位有剧毒,羽毛
鬼灭之刃题目无限列车第一个醒来的是,炭治郎
潜伏在游郭的上弦之陆有几人,2人
以下皮肤中哪款不属于不知火,浮梦花烛
平安百物语中古笼火是谁的守护式神,一目连
室外如需吐痰应该怎么办,把痰吐入纸巾再丢入垃圾桶
以下式神中额头上没有椅角的是,椒图
以下式神中不会飞的妖怪是谁,萤草
潜伏在游郭的上弦之陆有几人,2
以下皮肤中哪款不属于彼岸花,月明竹幽
剧情中童男提到草薙剑原本应该存放在,热田神宫
钢琴同一音节阶有几个黑键,5
耄耋maodie之年指的是几岁,8090岁
跳跳妹妹是如何称呼妖狐的,叔叔
剧情中在梦境中诱拐神乐的妖怪是谁,巫蛊师
歇后语千里送鹅毛的后一句是什么,礼轻情意重
以下哪个式神没有使敌方变形的能力,纸舞
不在同一个阴阳寮的好友间满足什么条件才可以赠送SSR碎片,亲友关系达到永远的羁绊
剧情中晴明为了击败八岐大蛇在寻找什么道具,草薙剑
以下式神中哪一位生活在三途川边,彼岸花
长生果指的是什么,花生
灶门炭治郎额头的伤疤是怎么出现的,被火盆烫伤
花鸟卷呱惹谁不高兴,妖刀姬呱
以下皮肤中哪款不属于缘结神,福禄金尊
马怎么睡觉,站着睡
查看番外的入口是,平安百物语
以下式神中擅长演奏的是,妖琴师万年竹
以下技能中哪个无法减少队友受到的伤害,通灵冥蝶
鬼灭之刃题目最终选拔的合格条件是在藤袭山中存活几天,七天
鬼灭之刃题目鸦的作用是,联络消息
以下哪个御魂的四件套效果为反弹所受到的伤害,镜姬
鬼灭之刃题目所有呼吸法的起源是,日之呼吸
云长义子性随和猜一成语,平易近人
在主线剧情中身体被枷锁束缚的是,跳跳弟弟
亲友关系达到友谊的见证可以获得的收益有,其余选项皆对
以下哪类人群不属于不适合接种新冠疫苗的人群,中年人
嘴平伊之助戴的头套属于那种动物,野猪
在平安京大街上赛跑的妖怪们是,山兔和孟婆
戊字常用作表示顺序的第五位,是的
下列植物中不是岁寒三友的是,兰
以下式神中手持巨大石锤的是,山童
阴阳师传记中是谁欺负铁鼠抢走了它的轮子,九命猫
两面佛的两面分别是什么,风神雷神
剧情中茨木童子常常挂在嘴边的一句话是,挚友啊
雪童子的霜织庇护不能抵挡以下哪种效果,减速
鬼灭之刃题目游郭篇的战斗中灶门炭治郎如何安抚鬼化发狂的灶门祢豆子,唱摇篮曲
阴阳寮采办的经验加成每次战斗胜利可以额外提升多少经验奖励,01
以下式神中以僧人形象登场的是,其余选项皆对
大江山轶闻以下哪一种可以作为海族的通讯媒介,妖浪
以下哪个是阎魔的技能,怨魂重压
千言万语猜一字,够
会长离线时间超过几天阴阳寮成员可以选择罢免会长,7
以下式神中不是手持扇子的是,蟹姬
以下式神中手持折扇的是,荒川之主
在爱上鲤的美剧情中掳走鲤鱼精的妖怪是谁,妖狐
唐朝时利用机械将冷水送向屋顶任其沿檐直下形成人造水帘的降温场所叫什么,自雨亭
以下个不是帝释天的技能,苦海浮生
以下式神声优和其他不一样的是,桃花妖
以下式神中白发黑帽的是,黑童子
剧情中在朱雀门扰乱朱雀守护结界的是谁,雪女
俗称四不像的动物是,麋鹿
以下式神中说话的时候会在句尾加上喵的是,九命猫
甲骨文是写在什么上面的,龟骨
聆海金鱼姬的被动护盾吸收伤害量与其哪个属性有关,攻击
鬼灭之刃题目灶门炭治郎遇到鬼舞辻无惨时对方抱着的小孩对无惨的称呼是,爸爸
头戴红顶帽身穿白布妖走路像摇船说话像驴叫猜动物,鹅
鬼灭之刃题目鳞泷左近次与炭治郎是关系,师徒
以下技能中附带控制效果是,暴风雪
杏寿郎的精神之核什么颜色,红色
霸王别姬讲的是谁的故事,项羽
无限列车一共有几节车厢,八节
鬼火行动条首次推进到5格时获得的鬼火数是,3
铁鼠的口头禅是什么,家有一鼠如有一宝
契约碎片副本中不包含以下哪个副本,年兽
以下式神中有兄弟或姐妹是谁,童男
下列哪种动物不属于哺乳动物,海龟
下列那种动物不属于哺乳动物,海龟
以下式神中声优和其他不一样的是,童男
花鸟卷是化成的妖怪,画卷
兵俑施放坚不可破的效果是,其余选项皆对
以下式神中头上没有角的是,酒吞童子
以下式神中白发白帽的是,鬼使白
名诗句我自横刀向天笑的下一句是留取丹心照汗青,不是
进行结界突破需要消耗的道具是,结界挑战券
食发鬼的姐姐是谁,烟烟罗
鬼灭之刃题目是谁将灶门祢豆子变成了鬼,鬼舞辻无惨
长生果指的是,花生
SP阶式神返魂可以获得多少御札,750
集结之境的入口在哪里,町中
风姿度达到多少可以解锁风姿神霖羽,12000
绘卷中教导铃鹿御前理解义理I的力量的是,田村
平安百物语中茨木呱的右臂怎么了,藏在袖子里
1994年撞击木星的彗星名叫,苏梅克列维9号
以下式神中没有手的是,灯笼鬼
SSR式神两面佛的获取方式是,碎片合成
游戏中天邪鬼一共有几种,4种
每周最多可以使用八岐大蛇鳞片兑换多少个朴素的御魂礼盒,30
盗墓小鬼对墓穴里什么感兴趣,故事
途有饿殍而不发中的发字文中义为发财,不是
以下式神中手持一杆长烟的是,食发鬼烟烟罗
阴阳师庭院中出现的扫地工小纸人的手是什么颜色,淡紫色
我国农历实际上是,阴阳合历
一个师父最多同时拥有几个徒弟,9
传记中谁为了拯救二口女牺牲了自己,老僧人
以下式神中谁从小就是孤儿,小鹿男
现世中犬神的种类属于,柴犬
一条怪牛两条圆腿骑他肚上抓他双角猜交通工具,自行车
以下个是真正的鱼,鲫鱼
鎹鸦的作用是,联络消息
老吾老以及人之老幼吾幼以及人之幼出自孟子,是的
以下式神中稀有度最低的是,星熊童子
在断桥上一直等候夫君归来的妖怪是,雨女
以下式神中哪一个不能开启幻境,紧那罗
以下妖怪中手持风筝的是,天邪鬼青
绘卷中面灵气的面具是由谁制作而成的,秦川胜
荒骷髅在什么地区出现,三途川
想要回顾已经解锁的主线剧情入口是,点击庭院大树前尘忆梦
阴阳师达到几级可以在百鬼夜行邀请好友,10级
烟火大会通常在哪个季节举行,夏季
灶门炭治郎使用哪一招式砍断了下弦之壹魇梦的脖子,火之神神乐
父母之命媒妁之言猜一成语,不由自主
耄耋之年指的多少岁,8090岁
以下式神中居住在森林中的是,虫师小松丸
鬼灭之刃题目杏寿郎的精神之核什么颜色,红色
通过暴食鬼可以做到的是,升级式神
废电池乱丢对人体可能造成,镉中毒
最会惹麻烦的呱,茨木呱
以下宠物中喂养哪一个可以获得御魂加成,三花猫
阴阳师怕黑的呱是,妖刀姬呱
不惑之年指的是多少岁,40
以下哪个技能是群体伤害技能,堕天
成吉思汗中的汗是指大王成吉思的意思是什么,大海
御魂涅槃之火的四件套可能触发的效果是,回复生命
麻婆豆腐是哪一菜系的名菜,川菜
我国的京剧脸谱色彩含义丰富红色一般表示什么,忠勇侠义
博雅与晴明第一次见面的地点是,黑夜山
烟火大会中哪种情况下应该遵循安全指示,任何时候
头像框与君共的获得方式是,签到365天
以下哪个技能可以复活队友,桃华灼灼
0成语前事不忘的后半句是,后事之师
炼狱杏寿郎告诉父亲自己成为炎柱之后父亲的回答是,无聊无谓
前面来只船舵手在上边来时下小雨走后路已干打一日常用品,烫斗
以下哪个不是赤影妖刀姬的技能,焚天
世界上最大的动物是,蓝鲸
介绍了诸多式神之间羁绊的泡面番阴阳师平安物语其片尾曲叫做,起风了
百鬼夜行可以邀请几名好友进入,1
剧情中黑晴明想要破坏守卫京都的四神结界中名字有误的是,白狐
六弦琴是乐器的别称,吉他
以下式神中谁不能为敌方附加孤立,天剑韧心鬼切
御魂蚌精的四件套可能触发的效果是,获得护盾
弱冠指的是多少岁,二十岁
以下哪个不是引起电气设备火灾的原因,消耗电量小
不携带任何御魂的雪童子能附加哪种控制效果,冰冻
谁被觉称为爱哭鬼,童女
鬼灭之刃题目炭治郎头上的疤是保护谁留下的,弟弟
以下哪个效果是星熊童子附加的,众矢之的
荒骷髅的主人是谁,彼岸花
每周第一次分享式神图鉴或者召唤结果时能获得的奖励是,神秘的符咒
剧情中童男提到草雜剑原本应该存放在,热田神言
在炎热的夏天狗通过什么方式散热,张口呼吸
初翎山风的被动技能拥有以下哪种能力,增加行动条
灶门炭治郎在机能恢复训练时吹破了什么,葫芦
头像框立乌帽子的获得方式是,每周斗技全服前五百名
以下式神中站在地上的是,妖刀姬
以下呱太中谁最怕黑,妖刀姬呱
鬼灭之刃题目以什么为媒介普通人也可以进入魇梦制造的梦境,绳子
以下哪项是鬼使黑和鬼使白的工作,引导亡魂
小白的哪只脚上装有脚环,左前脚
经验妖怪和金币妖怪恢复1次挑战次数的时间是每天的0点和,12点
御魂薙魂的两件套可能触发的效果是,生命加成
茨木呱在胧车战败后落慌而逃,惧怕被捏脸
千姬的海原贝戟继承千姬百分之几的防御,100
红楼梦中贾宝玉梦里去的仙境叫什么名字,太虚幻境
灶门祢豆子木箱原材料雾云杉拥有何种特征,非常轻
美字最初的含义是戴着头饰站立的人,是的
式神的星级勾玉为紫色代表该式神的状态是,已觉醒
麦加是基督教的圣地,不是
我以我血荐轩辕是哪位伟大革命家的誓言,鲁迅
一口吃掉牛尾巴猜一字,告
七擒七纵讲诉的是关羽和张飞的故事,不是
不携带任何御魂的星熊童子能附加哪种控制效果,混乱
灶门炭治郎的头发是什么颜色,偏红色
不携带任何御魂的麓铭大岳丸能附加哪种控制效果,眩晕
灶门炭治郎无法面不改色做的事情是,撒谎
以下式神中谁的技能不能造成间接伤害,蟹姬
不惑代指40岁,是的
以下哪种能力是不知火的星火结界拥有的,其余选项皆对
以下式神中能保护友方的技能是,方圆之备
绘卷中虫师苦苦追寻的那位大人是,一目连
黄粱一梦中黄粱指的是小米,是的
绘卷中是谁教唆面灵气舍弃一切的,狐面
以下式神生活在高天原的是,御馔津
协同斗技选择式神阶段玩家可以选择几位式神,5
战斗开始时处于阳状态的云外镜能获得以下哪个效果,镜佑
茨木呱的妹妹,辉夜姬呱
阴阳寮祈愿有可能获得什么,式神碎片
甄姬是三国时哪位君王的皇后,曹丕
剧情中女和大天狗追随的阴阳师是谁,黑晴明
鬼灭之刃题目炭治郎日轮刀的颜色,黑色
以下哪个御魂的四件套效果为初次出场时获得鬼火,火灵
鬼灭之刃题目嘴平伊之助戴的头套属于哪种动物,野猪
柠檬汁含有什么,维生素AC
钢的主要成分,铁碳
技能钱即正义消耗几点鬼火,2
最终选拔存活几天,7天
狼来了猜一水果,杨桃
左手五个右手五个拿去十个还剩十个打一日常用品,手套
绘卷中谁是玉藻前的孩子,羽衣爱花
鬼灭之刃题目与珠世同行的鬼是,愈史郎
百鬼夜行中非鬼王sr式神每次提供多少碎片,2
烟火大会中使用的烟火是由什么制成的,火药
绿色蔬莱营养丰富下列不属于绿色疏菜所含营养物质的为,蛋白质
绘卷中雪重子的本体是,挂上玉藻前佩刀的雪人
以下式神中谁被觉称为偷窥狂,河童
筹备阴阳寮宴会料理需要消耗以下哪种材料,阴阳寮勋章
和尚打伞打一成语,无法无天
以下哪个技能可以己方增加行动条,兔子舞
在剧情中最初的那一只食梦貘吞噬了谁的噩梦,黑晴明
草书行书楷书隶书四种字体当中楷书是其余三种的起源,不是
御魂珍珠的四件套可能触发的效果是,使被治疗目标获得护盾
以下哪种能力是镰鼬无法拥有的,击退行动条
通常人们在信尾写上此致敬礼这个此是指,信的内容
久次良施放方圆之备使友方全体获得什么效果,获得护盾
不携带任何御魂的大岳丸能附加哪种控制效果,眩晕
以下式神中身上带有面具的是,般若
以下哪个是真正的鱼,鲫鱼
以下呱太中视力不好的是,两面佛呱
传记中阎魔呱为了变美偷穿了谁的衣服,彼岸花呱
以下式神中手持毛笔的是,书翁
鬼灭之刃题目鬼舞辻无惨找什么东西,蓝色彼岸花
打蛇打七寸的七寸是指哪个部位,心脏
SSr式神可以通过多少个对应的式神碎片召唤获得,50
传记中小鹿男呱草人脸上的贴纸是谁画的,玉藻前
以下式神中有兄弟或姐妹的是,童男鬼使黑跳跳弟弟
赤影妖刀姬使用满级赤影一瞬击杀非召唤物敌人会产生哪,获得新回合
鬼灭之刃题目无限列车有多少节车厢,8节
地震鲶的主人是谁,御馔津
铁鼠的口头禅是,家有一鼠如有一宝
不携带任何御魂的孟婆能附加哪种控制效果,沉默
最终选拔的合格条件是在藤袭山存活几天,七天
被椒图的技能涓流链接的式神每次行动后恢复椒图百分之多少的生命值,5
炭治郎在最终选拔中遇到的鬼是,手鬼
绘卷中鬼切替谁挡下了酒吞童子致命的一击,源赖光
作家金庸的最后一部长篇武侠小说是什么,鹿鼎记
九命猫有几条尾巴,2
以下式神中谁的眼睛最多,赤舌
以下式神中谁曾为迷惑鬼切化身美女,茨木童子
SR阶式神可以通过多少个对应的式神碎片召唤获得,40
两面佛攻击时风神会对敌方造成哪种效果,造成间接伤害
以下哪些内容不可以在图鉴,查看式神等级
梅花三弄是传世名曲其中三弄指的是演奏技巧,不是
烬天玉藻前施放焚天九尾进行多少次攻击,9
我国的京剧脸谱色彩含义丰富黑色一般表示什么,中耿正直
阴阳宴会每周最多开启几次,2次
以下哪种能力是镰无法拥有的,击退行动条
御魂日女日时的四件套可能触发的效果是,击退行动条
传记中捉弄大天狗呱让他往两颊上抹淤泥的是,辉夜姬呱
出现食物中毒症状或者误食化学品时最先采取的急救措施是,催吐
世界上最大的鲸,蓝鲸
鬼灭之刃题目祢豆子木箱原材料的特点,非常轻
炭治郎无法面不改色做的事情是,撒谎
七年,七年最笨了
知天命代指50岁,是的
挑战业原火副本需要以下哪种道具,其余选项皆对
巫蛊师对哪个式神有特殊的执念,蝴蝶精
塑造聂小倩这一人物形象的作家是谁,蒲松龄
多少周岁以下儿童不能骑自行车上街,12
鬼灭之刃题目炭治郎遭遇的第一个十二鬼月是谁,累
按照风俗习惯戒指戴在中指上表示,恋爱中
天书攻心的间接伤害上限与书翁的哪个属性有关,生命
周六至周日每日前多少次挑战日轮之陨可获得奖励加成,50
保护水环境我们应该选择使用什么洗衣粉,无磷
京剧中饰演性格活泼开朗的青年女性是老生,不是
以下谁不是音柱宇髄天元的妻子,灶门祢豆子
以下式神中对人类抱有极强恨意的是,般若
现世中立春前一天被称为节分人们为了驱邪纳福会,其余选项皆对
以下式神中没有翅膀的是,彼岸花山童
无限列车一共有几节车厢,8节
以下式神中精通女工的是,小袖之手
游戏中诸多元素都与鲤鱼旗有关现世中它们是节日的象征,男孩节
下列食物中属于酸性食物的是,鸡蛋黄
不惑之年指的多少岁,40岁
鬼灭之刃题目祢豆子咬着竹筒是因为,防止咬人
下列动物中不能够眨眼的是,蛇
不携带任何御魂的小松丸能附加哪种控制效果,变形
绘卷中山风被谁的毒爪所抓伤,狼妖
讳疾忌医典故中的君王是齐恒公,不是
灶门炭治郎第一次见到鬼舞过无惨是在,东京府浅草
鬼灭之刃题目炭治郎头发是颜色,偏红色
书中自有黄金屋猜一成语,一本万利
安全驾驶汽车驾驶人不应该穿哪种鞋子,拖鞋
以下式神中曾为家国而战投身战争的是,首无
以下式神中黑发黑帽的是,鬼使黑
灶门炭治郎额头的疤痕是怎么出现的,被火盆烫伤
小松丸触发躲避时能附加哪种控制效果,挑衅
灶门炭治郎遇到鬼舞辻无惨时对方抱着的小孩对无惨的称呼是,爸爸
R阶式神返魂可以获得多少御札,5
SR阶式神可以通过多少个对应的式神碎片召唤获得,40个
中国领土横跨时区,5
以下式神中哪一位是可爱的女孩子,纸舞座敷童子
鳞泷左近次与灶门炭治郎的关系是,师徒
头像框珍珑锦篓的获取方式是,签到1234天
脚像细牛脚身像大狗重行象后生子须象老大人打一动物名,羊
七仙女嫁出去一个猜一成语,六神无主
源博雅的武器是,弓箭
剧情中童男提到草雉剑的碎片藏在何处,热田神宫
琵琶本名枇杷枇杷一词来源于演奏琵琶的方式,是的
山童最喜欢吃的食物是,饭团
是谁将灶门称豆子变成了鬼,鬼舞迁无惨
以下呱太中因平衡感极差而常常摔下木轮车的是,阎魔呱
炎柱炼狱杏寿郎被在车站卖便当的少女用什么东西砸中过,红豆沙面包
三更半夜的三更指的是,23点到凌晨一点
阳春白雪 和 下里巴人最初指的是,乐曲
武大郎设宴猜一成语,高朋满座
百鬼夜行中每位阴阳师每天最多被邀请多少次,3
十月十日猜一字,朝
以下式神中会吃人的是,小松丸
鬼灭之刃题目堕姬的本名是,梅
坊间传说荒川之主的性格是,暴烈性躁
以下哪个式神没有造成问接伤害的能力,般若
协同斗技中每位玩家可以上阵几位式神,3
火车连续两次长鸣表示,倒退
以下哪个不是铁鼠的技能,家财万贯
绘卷中面灵气的新朋友叫做,婴儿面
穿什么裤子最显年轻,纸尿裤
以下哪种印记与面灵气无关,白面
鬼灭之刃题目潜伏在游郭的上弦之陆有几个人,2
以下式神中手上拿着琴的是,妖琴师孟婆
买回来的蔬菜最好在清水中浸泡多长时间可除掉大部分残留农药,3060分钟
在火灾扑救中要坚持什么指导思想,救人第一
以下哪种道具无法通过式神委派获得,式神挑战券
埃及人利用哪一颗天体制定365日的历法,天狼星
酒吞呱的好朋友是谁,茨木呱
御魂雪幽魂的四件套可能触发的效果是,冰冻目标
歇后语猪八戒照镜子的后一句是什么,里外不是人
游戏内常出现的鲤鱼旗因崇鲤文化而生现世中鲤鱼是什么的象征,其余选项皆对
谁不是水生妖怪,九命猫
可以在秘卷屋兑换的道具有,以上皆是
不携带任何御魂的镶融能附加哪种控制效果,眩晕
人在咀嚼食物是上下颌是怎样运动的,下颌碰上颌
冥界中谁拥阎魔之目一双南善度恶,阎魔
下列哪项是人体的造血器官,骨髓
以下式神中血量越低技能攻击伤害越高的是,吸血姬
以下式神中谁的技能不能使敌方中毒,猫掌柜
天才棋师弈最后输给了谁,恋人
以下式神中谁并没有被恋人背叛,樱花妖
在古代人们将乐器分为丝竹分别指弹弦乐器和吹奏乐器其中竹是指吹奏乐器,是的
鬼灭之刃题目无限列车一共有几节车厢,八节
夏季在烈日下工作或运动量过大出汗时为预防中暑应多喝,盐开水
传记中青行灯呱为了模仿青行灯脑洞了哪些故事,其余选项都对
以下哪个技能是阴状态的云外镜可施放的,云岸净空
头像框守护者的获得方式是,每周结界突破前一千名
剧情中是谁告诉晴明草雍剑的碎片在冥界,黑晴明
以下式神中擅长演奏的是,万年竹
以下式神中谁被觉称为酒鬼,狸猫
歇后语肉包子打狗的后一句是什么,有去无回
嘴平伊之助口头禅,猪突猛进
壮志饥餐胡虏肉的下一句是什么,笑谈饮匈奴血
以下式神中有兄弟或姐妹是谁,跳跳妹妹
梅花三弄是传世名曲其中三弄指的是演奏次数,是的
以什么为媒介普通人也可以进入魔梦制造的梦境,绳子
以下道具或材料哪种不能通过式神委派获得,结界挑战券
百鬼夜行中非鬼王呱太式神每次提供多少碎片,1
白童子最好的朋友是,黑童子
能用以一键育成式神的是,暴食鬼
雪童子的雪兔子的名字是,雪丸
剧情中赌上性命举行仪式暂时封印八岐大蛇的人是,京都的阴阳师
鬼灭之刃题目炭治郎与鬼舞辻无惨初次相遇是在什么地方,浅草
炼狱杏寿郎的精神之核是什么颜色,红色
豆蔻年华指的是,13岁
一根绳子对折2次后从中剪断绳子变为几段,5
SSR阶式神可以通过多少个对应的式神碎片召唤获得,50
救人一命生造七级浮屠其中的浮屠是什么意思,宝塔
子时是时候,23点1点
不携带任何御魂的间魔能附加哪种控制效果,沉默
绘卷中面灵气的面具是由谁制作而成的,奏川胜
杏林指代的是医学界,是的
以下式神中手持小折扇的是,追月神
鬼灭之刃题目鬼舞辻无惨让猗窝座找什么东西,蓝色彼岸花
御魂贝吹坊四件套的效果,抵挡伤害
白狼进入冥想状态后下次行动会增加自身的哪一种属性,暴击伤害
以下哪种能力是天井下无法拥有的,驱散控制效果
古代着名的水利工程都江堰建立于唐朝,不是
鬼灭之刃题目嘴平伊之助有几把日轮刀,2把
花鸟卷觉醒后面板属性有几个是S级,2个
以下技能中哪一个是群体攻击技能,千羽风之舞
炼狱杏寿郎告诉父亲自己成为炎柱之后父亲的回答,无聊无谓
鬼灭之刃题目炎柱炼狱杏寿郎被车站卖便当的少女用什么东西砸中过,红豆沙面包
传记中跳跳妹妹是如何称呼妖狐的,叔叔
嘴平伊之助戴的头套属于哪种动物,野猪
聆海金鱼姬获得凝神印记的层数上限是,8
秘卷书童和以下哪个式神最像,赤舌
红茶属于什么茶,全发酵茶
堕姬的本名是,梅
以下哪个式神没有造成间接伤害的能力,般若
鼻子朝天嘴巴朝地敲它一锤惊天动地打一日常用品,大钟
绘卷中玉藻前为何想要毁灭京都,痛失子女
太阳大气从里到外分为三层,光球色球日冕
在放逐敌方目标过程中普攻增加以下哪种效果,其余选项皆对
不存在任何扣除鬼火上限的情况下鬼火的上限数是,8
以下式神中手持一杆长烟的是,烟烟罗
以下呱太中谁为了引起他人注意而摆出奇怪的姿势,荒呱
以下哪3个数字的和与积相同,123
悬赏封印的任务每天刷新几次,2
孟婆最初是为了谁才调制能使忘却一切的汤药,母亲
以下式神中喜欢讲故事的是哪个,青行灯
SP阶式神可以通过多少个对应的式神碎片召唤获得,60
平安百物语中茨木呱的手里为什么一直拿着气球,气球是他的力量
西游记中鲇鱼怪奔波儿灞的音译源自那个一少数民族的语言,藏族
斯灵物也香气闻数百里死尸在地闻气乃活此物乃是,返魂香
以下呱太中谁经常在胧车出发前迟到,彼岸花呱
下列不属于六艺的是,武
升级经验酒壶所要消耗的道具,勋章
绘卷中谁是玉藻前的孩子,羽花爱花
百鬼夜行中非鬼王R级式神每次可以提供多少碎片,3片
孙悟空的一个跟斗可以翻多远,十万八千里
悟空思做遮体裙猜一成语,与虎谋皮
灶门炭治郎的日轮刀颜色是,黑色
不携带任何御魂的阎魔能附加哪种控制效果,沉默
神龛中R级式神可以兑换多少御札,5片
以下式神中坐在锅妖上的是,孟婆
以下食品中铅含量最高的是,松花蛋
世界上第一家七星级酒店帆船酒店是在哪个城市,迪拜
被椒图的技能涓流链接的式神每次行动后恢复椒图百分之多少的生命值,005
沉鱼落雁闭月羞花中闭月是指,貂蝉
泷夜叉姬在战斗开始时能提升以下哪种属性100,暴击抵抗
获得头像框月见黑需要连续多少次召唤不出SSR,400
鬼灭之刃题目灶门祢豆子木箱的原材料雾云杉拥有何种特征,非常轻
半耕半读猜一字,讲
以下那种方式可以避开魇梦让人陷入梦境的强制倒睡眠眼,避免对视
在西大街扰乱白虎守护结界的是,两面佛
鬼火行动条第三次推进到5格时获得的鬼火数是,5
绘卷中谁是玉藻前的孩子,爱花羽衣
杏寿郎被车站的少女用什么砸到,红豆沙面包
式神的召唤动画在哪里观看,式神传记画
捉弄大天狗呱向他脸上抹淤泥的是,辉夜姬呱
以下哪个式神的技能无法使友方获得护盾,惠比寿
挑战日轮之隐可以获得几种不同种类的御魂,4
以下式神中手持木锤和草人的是,丑时之女
双簧是我们一门独特的曲艺艺术它得名于初演的个人都是姓黄,是的
动物中视角最大的是,鱼
生旦净末丑是京剧的行当其中净是女角,不是
具有止血功能的维生素是,维生素K
勐将百余人无事不出城出城就放火引火自烧身打一日常用品,火柴
鬼灭之刃题目我妻善逸的麻雀叫什么,啾太郎
灶门称豆子咬的竹简是谁让她咬着的,富冈义勇
传记中武士之灵生前被谁所击杀,茨木童子
无限列车中第一个从下弦之壹魔梦制造的梦境中醒来的人是,灶门炭治郎
哪个式神是可爱的女孩子,纸舞
以下材料或道具哪种不能在结界突破中获得,御行达摩
平安百物语中淮梦想成为京都的明星,蝴蝶精
多少个中级觉醒材料可以合成一个高级觉醒材料,8
炼狱千寿郎将什么作为兄长读物赠送给灶门炭治郎,刀锷
饿鬼在化成妖怪前和谁相依为命,姐姐
以下哪个不是道家三宝,弃道者
每周可以挑战多少次真八岐大蛇副本并获得奖励,2
惊雷出响万物复苏描述的是哪一个节气,惊蛰
百家姓中没有肖姓,是的
炼狱槙寿郎初见炭治郎说自己使用呼吸是,日之呼吸
剧情中阎磨要求晴明镇压的妖怪是谁,傀儡师
御魂涅槃之火的四件套能出发的效果是,回复生命
炭治郎主语,答案
以下哪个式神有获得鬼火的能力,缘结神
剧情中在西大街扰乱白虎守护结界的是谁,两面佛
千姬的海原贝戟继承千姬百分之几的防御,1
一目连呱把谁当妹妹,妖刀姬呱
以下哪个式神没有召唤能力,鬼使黑
童男曾被委任调查三大神器之一的下落以下不是三大神器的是,天羽羽斩
鬼灭之刃中鬼所厌恶的花是,紫藤花
无边落木潇潇下不尽长江滚滚来这两句诗中错别字是,潇
以下哪种方法可以获得御行达摩碎片,其余选项皆对
以下式神中哪一位是可爱的女孩子,座敷童子
拿着大人偶的女孩是指,傀儡师
头像框久相伴的获得方式是,签到999天
每日可以完成多少次阴阳寮任务,30
炎柱炼狱杏寿郎被在车站卖便当的少女用什么东西砸过,红豆沙面包
山兔骑的是,山蛙
如果炒菜时油锅起火应该使用哪种抢救措施,迅速盖上锅盖关闭煤气
以下阴阳师中谁可以复活友方式神,八百比丘尼
以下哪个不是星熊童子的技能,海潮入梦
灶门祢豆子咬着竹筒是因为,防止伤人
不知火星火结界下的额外普攻以下哪种描述是正确的,其余选项皆对
堕姬的武器是,腰带
两眼外秃大嘴巴有个尾巴比身大青草假山来相伴绽放朵朵大红花打一动物,金鱼
路旁的树干刷成白色是为了,防虫
以下式神中有兄弟或姐妹是谁,童女
在平安百物语中的铁鼠轶闻剧情里铁鼠骗取了谁的钱财,镰鼬
烟花设计中哪种技术用于产生旋转效果,使用离心力
辉夜姬的幻境是由哪个技能创造的,龙首之玉
绘卷中面灵气的哪个面具与它亲如双生子,小面
剧情中金鱼姬想要向谁报复,荒川之主
猫的尾巴与身体连成一条直线的时候表示,准备攻击
人在咀嚼食物时上下颌是怎么运动的,下颌碰上颌
以下那种能源不属于清洁能源,煤炭
以下哪种控制效果会使自身处于无法动作,变形
傀儡师是如何称呼背后的傀儡的,哥哥
能用以快速处理弃置御魂的是,贪吃鬼
以下式神中居住在森林中的是,小松丸
在加油站为汽车加油时可以做以下哪种行为,购买矿泉水
用于止血的微生素,维生素K
式神中黑发黑帽的是,鬼使黑
头像框百莫开的获得式,参与王之宴活动
视力不好的呱,两面佛呱
泷夜叉姬的月之奥义最多总计有多少种附加效果,4
顶破天打一字,夫
五行相克水克什么,火
破釜沉舟讲的是谁的故事,项羽
以下单体技能中攻击次数最多的是,焚天九尾
若樱花妖自身未处于无法动作以下哪个时机樱花妖会治疗友方,其他友方回合结束时
一般来说彗星运动方向与彗星运动方向一致,不是
有风不动无风动不动无风动有风猜一物,扇子
挑战日轮之陨可以获得几种不同种类的御魂,4
埋骨何须桑梓地的后一句是什么,人生无处不青山
以下式神中哪一位是可爱的男孩子,般若
以下式神中居住在森林中的是,虫师
升级是神需要消耗的道具或材料不包含以下哪一个,神秘的符咒
车辆没停稳之前,不准开车门和上下人
我们常用的社稷来指代国家其中社字代表土地之神,是的
成就点达到多少才可以指导后辈,2500
剧情中是谁将在宫廷中沉睡的妖刀姬唤醒,荒
以下式神中哪一位来自冥府,阎魔
鬼灭之刃题目躲过炭治郎头槌的是谁,宇髓天元
儒家的代表人物是谁,孔子
妖刀姬参加试胆大会被谁骗走了钱财,铁鼠
以下哪个不属于春秋三传,邹氏春秋传
博士作为官名最早出现在,秦
以下式神生活在荒川的是,金鱼姬
大天狗呱的扇子写着什么字,呱
鬼灭之刃题目炼狱槙寿郎初见炭治郞郎说自己使用呼吸是,日之呼吸
以下式神中能看穿人心阅读他人记忆的是,百目鬼
传记中一目连失去的眼睛是哪只,右眼
以下哪个技能是治疗技能,治愈之光
以下结界卡中可以获得勾玉的是,太鼓
人体最坚硬的部分,牙齿
平安百物语中谁梦想成为京都的明星,蝴蝶精
鬼灭之刃题目无限列车中第一个从下弦之壹魇梦制造的梦境中醒来的人是,灶门炭治郎
茨木童子的挚友是谁,酒吞童子
七月流火形容的是,天气渐渐转凉
以下哪个是骁浪荒川之主的特殊效果,屹立不倒
以下哪个御魂的2件套属性不是暴击,阴摩罗
耄耋之年指的是几岁,8090岁
通过式神录不能做到的是,升级御灵
灶门称豆子咬着竹筒是因为,防止伤人
头像框水玲珑的获得方式是,人气达到2000
鬼灭之刃题目嘴平伊之助第一次摘掉头套时我妻善逸的反应是,长得像女生一样
以下呱太中谁是天然黑擅长补刀,辉夜姬呱
传记中盗墓小鬼对墓穴里的什么东西感兴趣,故事
剧情中谁曾是晴明失忆前的式神,九命猫
大江山轶闻阴阳师大人可以在哪里为出战式神配己置武器,源氏藏兵阁
剧情中萤草的救命恩人是以下哪一位式神,白狼
八百比丘尼在孔雀林中等待了晴明多久,三十年
七月流火指什么,天气转凉
被称为武圣的是谁,关羽
炭治郎头上的疤是怎么来的,被火盆烫伤
世界上最小的乌是,蜂鸟
鬼灭之刃题目炼狱杏寿郎的精神内核是颜色,红色
对于地球上的观测者肉眼可见的恒星大概是几颗,6000
乞拉朋齐成为雨极的原因是,地形雨
御魂木魅的四件套可能触发的效果是,削减鬼火
伉俪常常用来指代什么,夫妻
R阶式神可以通过多少个对应的式神碎片召唤获得,30
能够提高友方速度的技能是,兔子舞
老鼠不吃木头但又要咬坏木制品是为了什么,磨牙
游戏剧情中大江山鬼族之王酒吞童子被谁所击杀,源赖光
古人讲究谦辞礼让谈到自己儿子时一般称为犬子,是的
绘卷中与缚骨清姬爱恨纠缠的男子是,安珍
鬼灭之刃题目上弦三猗窝座邀请杏寿郎做什么,成为鬼
以下哪款APP每日签到能获得专属头像框,大神APP
八岐大蛇可使用哪个技能替代阴阳师,八岐之影
九命猫有几条尾巴,2条
鬼灭之刃题目炭治郎在哪里参加选拔,藤袭山
导游猜一成语,引人入胜
鬼舞辻无惨让猗窝座找什么东西,蓝色彼岸花
阴阳师等级达到多少级百鬼夜行中才会出现SP阶式神,60
人在咀嚼食物时上下颌是怎样运动的,下颌碰上颌
鬼灭之刃题目是谁将祢豆子变成了鬼,无惨
八卦中代表雷的卦象叫坎,不是
初次见到灶门你豆子时我妻善逸怎样看待称豆子的,好可爱
鬼灭之刃题目我妻善逸与其他人联系用的动物,麻雀
剧情中黑晴明教唆谁吃人肉来保持美貌,鬼女红叶
御魂招财猫的四件套可能触发的效果是,获得鬼火
茨木呱的右手,藏在袖子里
中国疫控中心成功分离中国首株新型冠状病毒毒种是在哪一天,2020年1月24日
剧情中是谁杀害了犬神的好友雀,九命猫
一个人3块钱买了一只鸡5块钱卖掉然后6块钱又买了回来7块钱卖掉他赚了多少,3
人舌头那个部位对甜味最敏感,舌尖
翡和翠指的是同一种颜色吗,不是
阴阳寮宴会每周最多开启几次,2
绘卷中歌姬不知火在哪里长大成人,离鸟
御怨般若施放积重难返技能需要消耗几层仇恨印记,9
几月几日是我国的植树节,3月12日
以下道具或材料哪种不能通过式神委派获得,式神挑战券
三人行必有我师出自三字经,不是
口比肚子大给啥酒吃啥它吃为了你你吃端着它打一日常用品,碗
以下选项中会影响到阴阳寮顺位的是,斗技总积分
唐太宗时期以直言敢谏着称去世后被唐太宗感叹失去一面镜子的一代贤臣是,魏征
鬼灭之刃题目千寿郎将什么作为兄长遗物送给了炭治郎,刀锷
以下哪个不是丑时之女的技能,穿针引线
人体最坚硬的部位是,牙齿
以下哪个技能可以保护队友,言灵守
成语一日三秋是形容思念心切,是的
绘卷中面灵气的哪个面具与她亲如双生子,小面
陛下是古时对君王的尊称其中陛的意思是天的别称,不是
沉鱼落雁闭月羞花中闭月是指谁,貂蝉
俗称长生果的是指,花生
炭治郎遇到无惨时抱着小孩叫无惨什么,爸爸
茨木童子失去的是哪只手,右手
现世中狐狸被视为主管丰产的稻荷神的使者被称作稻荷神的式神是,御馔津
我妻善逸的麻雀叫什么,啾太郎
通过阴阳术不能做到的是,升级式神
辉夜姬的普攻技能叫做,蓬莱玉枝
平安百物语中虫师的好朋友是谁,古笼火
多少级可以邀请好友百鬼夜行,10级
鬼灭之刃题目伊之助第一次摘掉头套我妻善逸的反应是,长得像女生
不携带任何御魂的食梦貘能附加哪种控制效果,沉睡
以下不属于六艺的是,武
绘卷中谁为战争而流离失所的人和妖提供了庇护,姑获鸟
不携带任何御魂的兵俑能附加哪种控制效果,嘲讽
八百比丘尼挟持了谁来要求晴明解除八歧大蛇的封印,神乐
我妻善逸化名善子在游郭京极屋展现了什么样的特技,弹三味线
宠物后院中通过宠物食粮吸引来已变成宠物的小动物会奖励什么,萌爪钱币
茨木呱的妹妹是谁,辉夜姬呱
哪个瓜台在出门前总要检查口脂有没有涂的完美对称,彼岸花呱
传记中天才棋师弈最后输给了谁,恋人
鬼灭之刃题目我妻善逸最初见到豆子觉得她,好可爱
以下式神中谁不是水生妖怪,九命猫
以下式神中手持折扇的是,妖狐
剧情中救了青行灯的人是谁,凤凰火
不携带任何御魂的食梦摸能附加哪种控制效果,沉睡
以下谁不是音柱宇髓天元的妻子,灶门祢豆子
头像框凤凰火的获得方式是,人气达到10000
古代六艺礼乐射御书数中的御是指,驾车
小鹿男呱草人脸上的贴纸是谁画的,玉藻前
雪童子的刀的名字是,雪走
以下哪个式神开启的结界有代替承受伤害的效果,白藏主
以下式神中可以为人们带来财富的是,其余选项皆对
工欲善其事必先利其器是出自于哪部名着,论语
御魂木魅的两件套可能触发的效果是,防御加成
以下式神中为了躲避人类追捕而四处漂泊的,以津真天
阴阳寮宴会中可以吃到的料理不包括,拉面
头像框月见黑需要连续召唤不出ssr多少次,400次
最早的春联是,刻在木上
鬼灭之刃题目炭治郎的日轮刀是颜色,黑色
守护历练每天可挑战多少次,5
御魂轮入道的四件套可能触发的效果是,获得额外行动机会
白色污染是指什么,塑料废弃物造成的污染
绘卷中xxx替谁挡下了酒吞童子致命的一击源赖光,鬼切
喜欢吃紫苏叶的式神是,吸血姬
头像框名声大振的获得方式是,成就点突破5000
以下式神中谁喜欢和小妖怪们玩耍,阎魔
人体最坚硬的部分是,牙齿
以下妖怪中喜欢打鼓的是,天邪鬼黄
剧情中雪女和大天狗追随的阴阳师是谁,黑晴明
以下哪个技能可以保护队友,言灵守风神之佑
晴明在失忆前提前准备了哪一只式神应对紧急情况,小白
庭院左边活动灯笼许愿架上站着什么动物,乌鸦
通过以下哪种方式可以获得勋章,其余选项皆对
铁鼠胸口的木牌上写的字是,奉纳
以下角色中谁不会吹笛子,酒吞童子
落霞与孤鹜齐飞秋水共长天一色描写的是哪里的景色,滕王阁
鬼灭之刃题目炭治郎训练时吹破了什么,葫芦
茨木童子的手臂是被哪把刀砍断的,鬼切
冥界中谁持夺命墨笔一支定人生死,判官
以下哪个御魂的4件套效果为反弹所受到的伤害,镜姬
商鞅变法是在哪个国家进行的,秦国
鬼灭之刃题目炭治郎训练吹破了什么,葫芦
以下哪个稀有度的式神不能觉醒,N
剧情中白狼的救命恩人是以下哪一位阴阳师,源博雅
鬼灭之刃题目炭治郎头上的疤是怎么来的,被火盆烫伤
阿修罗理性印记的获得上限是,9
化鲸的体甲的携带者在行动前治疗生命与化鲸的哪个属性有关,生命上限
嘴平伊之助的口头禅是,猪突猛进
游戏中使用寿司来代表阴阳师的体力这种寿司的种类是,军舰卷
我们通常所说的干冰是哪种气体的固态存在方式,二氧化碳
炼狱槙寿郎初次见灶门炭治郎时说他使用的呼吸是,日之呼吸
荒的技能星辰之境所触发的幻境附带以下哪一个效果,荒的协战
黄道12宫中太阳在白羊宫停留的时间最短,不是
东南亚最长的国际性河流是湄公河,是的
手上系纸鹤的,花鸟卷呱
鬼灭之刃题目嘴平伊之助战斗时使用几把日轮刀,2
以下式神中不是手持扇子的是,螫姬
以下式神没有尾巴的是,雪女
鬼灭之刃题目炭治郎无法面不改色做的事情是,撒谎
大天狗呱的扇子上写着什么字,呱
缘结神共能赐予友方式神几种缘结,4
以下哪个不是探索关卡妖怪可能携带的加成,秘宝小纸人加成
大江山轶闻以下哪一种金属不包括在洗练源氏兵器需要的材料中,生铁
鬼灭之刃题目鬼灭中鬼厌恶的花是,紫藤
现世中达摩不倒翁有着祈愿之意为达摩画上右眼象征着,还愿
按星区划分全天共有多少个星座,88
以下式神中手持巨大毛笔的是,判官
现世中红色彼岸花被称作,曼珠沙华
入木三分这个成语原来形容的是,书法
独眼小僧是化成的妖怪,木鱼
商店杂货铺每周购买御灵境之钥的上限为,40
以下式神中谁可以帮助友方式神抵挡控制效果,花鸟卷
炭治郎遇到的第一个十二鬼月是谁,累
灶门炭治郎额头的伤疤是为了保护谁留下的,弟弟
大江山轶闻以下哪种结界可以净化鬼族的瘴气,黄泉之境的结界
不携带任何御魂的御津不能附加哪种效果,变形
当浮世青行灯收集多少鬼火后可以获得额外技能浮世终话,100
头像框名声大振,成就5000点
以下哪个不是彼岸花的技能,黄泉之海
集齐全部呱太可获得,随机SSR式神
人体哪个关节活动幅度最大,肩关节
以下妖怪里手里把玩剑玉的是,天邪鬼赤
头像框名声大振的获得方式是,成就点数突破5000
妖琴师为谁而奏曲,虫子
流行语常常说明明可以靠长相吃饭偏偏要靠什么,才华
龙眼又称作什么,桂圆
鬼灭之刃题目以下谁不是宇髄天元的妻子,祢豆子
不携带任何御魂的百目鬼能附加哪种控制效果,其余选项皆不对
阴阳师平安物语第二季片尾曲叫什么,真夏绘卷
以下选项中可以在寮内采办直接购买发放给寮成员的是,御魂觉醒加成
剧情中在黑夜山扰乱玄武守护结界的是谁,大天狗
大江山轶闻战胜鬼域最高峰的石巨人的是谁,酒吞童子
楼台楼台一层一层接起来上面冒白气下面水花开打一日常用品,蒸笼
人舌头的哪个部位对甜味最敏感,舌尖
晴明的御灵,神龙
鬼灭之刃题目炭治郎第一次看见列车以为是,土地守护神
蟹姬的皮肤海之大将的获得方式,协同商店
自然界中有智慧元素之称的是,碘
御魂涂佛的两件套可能触发的效果是,生命加成
中国面积最大的省份是哪一个,新疆
炭治郎在游郭如何安抚发狂的豆子,唱摇篮曲
不带任何御魂的稻荷神御馔津不能附加,变形效果
提高身体排污能力的是,豆类
十月十日出售猜一常用词语,卖萌
大岳丸施放的无尽剑狱会在什么时机关闭,大岳丸的下一回合结束
军火外销猜一成语,出口伤人
一般来说彗星运动方向与彗星尾运动方向一致,不是
传记中巫蛊师对谁有着特别的执念,蝴蝶精
以下技能不是帝释天的是,云海浮生
马怎样睡觉的,站着睡
鬼灭之刃题目通过什么来判断炭治郎使用的日之呼吸,耳饰
晴明所穿的衣服种类是,狩衣
庭院中出现的扫地工小纸人的手是什么颜色,淡紫色
大江山轶闻以下谁的力量最终激活了云外镜,山岳神
挑战石距副本需要消耗多少体力,30
曹操短歌行实际上是为了表达一种追求爱情的心情,不是
我国是一个缺水的国家人均水资源仅为世界人均量的,14
与珠世同行的鬼是,愈史郎
阿姆斯特朗登上月球后说了个人的一小步后一句是什么,人类的一大步
当夜溟彼岸花处于沉眠状态中会有以下哪种效果,其余选项皆对
每天的1214点2022点小纸人会将什么送到庭院中来,寿司体力
山兔的坐骑是动物,蛙
神乐与晴明第一次见面的地点是,黑夜山
以下哪项是人体的造血器官,骨髓
组队挑战巫女大蛇悲鸣时需要消耗多少体力,8点
姑获鸟的2技能协战最高多少级,1级
西楚霸王是谁,项羽
以下哪个式神没有使敌方中毒的能力,一反木绵
剧情中将神乐抓到黑夜山的妖怪是谁,食发鬼
久勾玉卡多少小时可以领取一次5勾玉,6
以下哪个不是蝉冰雪女的技能,雪走
以下技能中能够提高友方速度的技能是,余音
阳春白雪和下里巴人这两个成语最初的是什么,乐曲
鬼灭之刃题目支夫郎与堕姬的关系,兄妹
在满足什么条件后就能够更换已获得的式神皮肤,不需要额外条件
上弦之叁猗窝座第一次见炼狱杏寿郎便邀请他,成为鬼
想要回顾已经解锁的绘卷剧情入口是,点击庭院大树追忆绘卷
以下哪种方式不能获得增加式神亲密度的道具,御灵副本
在五行理论中水生木金生水,是的
当夜汉彼岸花处于沉眠状态中会有以下哪种效果,其余选项皆对
以下哪个技能是单体伤害技能,无我
御魂飞缘魔的四件套可能触发的效果是,无视抵抗
太阳是什么星,恒星
柠檬汁含有什么,维生素A维生素C
蜗牛头上的一对触角主要有什么作用,探路
苦心人天不负卧薪尝胆三千越甲可吞吴描写的是勾践,是的
以下皮肤中哪款不属于姑获鸟,素月浅香
以下式神中人身鱼尾的是,椒图鲤鱼精
化鲸的齿甲触发的真实伤害上限与携带者的哪个属性有关,攻击
在满足什么条件后就能够更换式神皮肤,觉醒
鬼灭之刃题目普通人通过什么媒介进入魇梦制造的梦境,绳子
以下式神中传说能给人们带来财富的是,惠比寿
屋里一座亭亭中有个人天天荡秋千不荡就有病打一日常用品,钟摆
以下式神中手持纸伞的是,姑获鸟雨女
以下式神中居住在深山中的是,以津真天
田猜一成语,挖空心思
赤影妖刀姬的穷追不舍技能会对敌方哪个目标附加锁定印记,生命比例最低
八百比丘尼与晴明第一次见面的地点是,凤凰林
我妻善逸与其他人联系用的动物,麻雀
头像框一玲珑锦簇的获得方式是,签到1234天
以下式神中手持折扇的是,荒川之主妖狐弈
鬼灭之刃题目炼狱杏寿郎告诉父亲自己成为炎柱之后父亲的回答是,无聊无谓
最终选拔的合格条件是在藤袭山中存活几天,七天
御行达摩的眼睛,左黑右白
以下哪个技能可以为友方全体获得护盾,风神之佑
什么酒不能喝,碘酒
在天愿做比翼鸟在地愿为连理枝这句诗描写的是唐明皇和杨贵妃的爱情故事,是的
不携带任何御魂的狸猫能附加哪种控制效果,挑衅
一门父子三词客千古文章八大家这幅对联中提到的三父子是曹操曹丕曹植,不是
不携带任何御魂的镰鼬能附加哪种控制效果,眩晕
瑞气升腾罩金乌猜一成语,蒸蒸日上
头像框大阴阳师的获得方式是,为崽而战捌段前一百
鬼灭之刃题目下弦一梦魇里我妻善逸梦见了谁,祢豆子
灶门炭治郎第一次见到鬼舞辻无惨是在,东京府浅草
无限列车第一个醒来的是,炭治郎
小说封神演义中哪位着名的人物用直的鱼钩钓鱼,姜太公
人体关节活动最大的,肩关节
以下哪个场景可能出现小纸人,其余选项皆对
下列食物中属于酸性食物的,鸡蛋黄
大江山轶闻在酒吞童子邀请源氏结盟时源赖光称呼酒吞童子什么,昔日的鬼王
以下个是真正的鱼,螂鱼
不携带任何御魂的稻荷神御馔津不能附加哪种效果,变形
御魂雜魂的四件套可能触发的效果是,分担伤害
八百比丘尼是萝莉还是御姐,御姐
剧情中没有在梦境中出现过的妖怪是,辉夜姬
在满足什么条件后就能够更换式神皮肤,不需要觉醒也能换
以下式神中背后长有蝙蝠翅膀的是,吸血姬
日和坊治疗友方的时机是,敌方回合结束时
以下式神中擅长舞蹈的是,樱花妖
下列动物不能够眨眼的动物是,蛇
教唆红叶食人的人是谁,黑晴明
萤草的治疗与自身的哪个属性相关,攻击
以下式神中能够吞食噩梦的是,食梦貘
鬼灭之刃题目杏寿郎告诉父亲自己成为炎柱后父亲回答,无聊无谓
此致敬礼中的此指的是,信的内容
阿修罗攻击目标并造成击杀时会对目标附加以下哪种印记,诛灭
唐代传述奇闻异事的短篇小说称为拍案惊奇,不是
商店寄售屋可以进行的操作是,其余选项皆对
以下式神中从画中而生的是,花鸟卷
灶门祢豆子咬的竹筒是谁让她咬的,富冈义勇
被称为画圣的古代画家是吴道子,是的
成语一曝十寒是形容很有毅力,不是
鬼灭之刃题目成功躲过灶门炭治郎头槌的是谁,宇髓天元
灶门炭治郎在机能恢复训练时吹破了什么东西,葫芦
举重比赛猜一成语,斤斤计较
百鬼弈玩法的入口在哪里,町中
游戏中诸多元素都与鲤鱼旗有关现世中它们是什么节日的象征,男孩节
以下呱太中手上系着纸鹤的是,花鸟卷呱
谁不是宇髓天元的妻子,祢豆子
河童在游戏与现世中都有着类似的形象它的身体特征是,其余选项皆对
以下式神中手上拿着琴的是,孟婆
以下哪个不是椒图的技能效果,冰冻攻击目标
以下式神中戴着面具手持长刀的是,鸦天狗
以下技能中哪一个可以封印目标式神的御魂效果,嫉恨之心
以下式神中有兄弟或姐妹是谁,跳跳哥哥
酒吞童子的狂啸每层最多回复多少百分比生命,20
酒吞童子钟情于谁,鬼女红叶
以下式神中生活在荒川的是,金鱼姬
以下武器中哪个属于大岳丸,八尺琼勾玉
如想去除衣服上的铁锈应使用,草酸
以下皮肤中哪款不属于玉藻前,心狐之祈
绘卷中鬼童丸曾经的老师是,贺茂忠行
灶门炭治郎遇到鬼舞社无惨时对方抱着的小孩对无惨的称呼是,爸爸
非酋系列成就的奖励包含,其余选项皆对
六弦琴的别称是,吉他
低盐饮食有利于预防什么疾病,高血压
古人称为手谈的是指,围棋
小明对妈妈说妈妈我饿了妈妈我饿了妈妈我饿了为什么,重要的事情说三遍
顷刻间千秋事业方寸地万里江山三五不行遍天下六七人百万雄兵描写的是下棋,不是
无脚也无手身穿鸡皮皱打一动物名,海毛虫
以下式神中谁的眼睛最少,山童
一身归朔漠数代靖兵戎若以功名论几与卫霍同这位人物是王昭君,是的
钢琴一音节有几个黑键,5个
摩托车后座不得乘坐未满多少周岁的未成年人,12
聆海金鱼姬对友方单位的治疗与自身的哪个属性有关,攻击
部位相反猜一字,陪
打断念头猜一字,心
剧情中樱花妖的夫君是谁,忠义
游戏内常出现的鲤鱼旗因崇鲤文化而生现世中鲤鱼是的象征,其余选项皆对
蟹姬皮肤海之大将的获取方法,协同斗技积分兑换
日和坊背善的娃娃叫做,晴天娃娃
下弦一梦魇里我妻善逸梦见了谁,祢豆子
有面无口有脚无手听人讲话陪人吃酒打一日常用品,桌子
一般钢琴是以一连串八度音程区间所构成请问同一音程中有几个黑阶,五个
以下哪种方式可以避开魔梦让人陷入梦境的强制昏倒睡眠眼,避免对视
以下式神中自称老朽的是,青蛙瓷器
炭治郎第一次见到无惨是在哪儿,东京府浅草
器物经百年得化为精灵诓骗人心例如唐纸伞妖人们称之为,付丧神
剧情中八百比丘尼长生不老是因为误食了,人鱼肉
地震鲶的主人,御馔津
百鬼夜行中非鬼王呱类式神每次可以提供多少碎片,1
哪个字常用作表示顺序的第五位,戊
以下式神中头上插着一根箭的是,跳跳哥哥
三国演义中刘备见到诸葛亮家悬挂了一副对联写的是淡泊以明志宁静而致远,是的
之年一指的是多少岁,八十至九十岁
头像框月见黑的获得方式是,完成成就非洲阴阳师
结界挑战券的拥有量上限是,30
御魂日女巳时的四件套可能触发的效果是,击退行动条
妓夫郎与堕姬的关系,兄妹
现世中红色的彼岸花被称作,曼珠沙华
人体最大的解毒器官是,肝脏
鬼灭之刃题目在下弦之壹魇梦里我妻善逸梦见的是谁,祢豆子
以下技能中能够驱散友方的减益效果的是,天之泪
以下材料或道具哪种不能在秘闻副本中获得,插画券
以下式神中为了躲避人类追捕而四处漂泊的是,以津真天
交通信号灯中红灯表示禁止通行绿灯表示准许通行黄灯表示什么,警示
阎魔呱为了变美穿谁的衣服,彼岸花呱
在炎热的夏天沟通过什么方式散热,张口呼吸
9级的体力食盒可以储存多少溢出体力,250
人咀嚼食物时上下颌是怎么运动的,下颌碰上颌
匣中少女的手上拿着的是什么,人偶
协同斗技选择式神阶段玩家可以选择几位式神,3
擅长舞蹈的式神,樱花妖
弱冠之年是多少岁,20岁
鬼灭之刃题目炭治郎潜入屋的时候化名什么,炭子
春秋属于四书中的一本,不是
地震蜍在什么地区附近出现,稻荷神社
御魂网切的四件套可能触发的效果是,无视目标部分防御
以下哪个不是阿修罗的技能,炼狱之门
不属于世界三大宗教的是,道教
对于鬼童丸附加骸之锁的目标以下哪种说法是正确的,无法受到改变行动条的效果
按照长沙标准过期药物属于哪种垃圾,有害垃圾
空城计里诸葛亮在城楼上做的事是跳舞,不是
以下式神中谁将铃鹿山的各项事物交予大岳丸,铃鹿御前
哪个不是式神的技能类型,建造
上穷碧落黄泉中的碧落指天界天宫,是的
横跨两大洲首都在西半球的国家是,美国姑获鸟
通过以下哪种方式可以获得荣誉,斗技
嘴平伊之助第一次摘掉头套时我妻善逸的反应是,长得像女生一样
现世传说中晴明之母葛叶的原型是,白狐
桌面上有10只点燃的蜡烛一阵风吹灭了3只一夜过后桌上还剩几只蜡烛,3
9级的体力食盒每次可以存储多少溢出体力,250
鬼灭之刃题目炭治郎头发的颜色偏什么颜色,红色
升级御魂需要消耗的道具或材料有哪一个,御魂
以下皮肤中哪款不属于辉夜姬,风铃彩
升级经验酒壶需要消耗的道具是,勋章
鬼女红叶钟情于谁,晴明
御魂火灵四件套可能触发的效果是,获得鬼火
手持木锤和草人的是,丑女之时
从事贸易活动的人叫做商人这跟历史上的商代有关系吗,是的
御魂返魂香的两件套可能触发的效果是,效果抵抗
头像框守护者的获得方式是,每周结界突破前1000名
我们通常所说的煤气中毒是由于煤气中哪种气体吸入量造成的,一氧化碳
人固有一死或重于泰山或轻于鸿毛是哪位史学家说的,司马迁
以下哪个技能可以沉默敌人,怨魂重压天降之物
以下式神中谁被贺茂家流放至修罗鬼道,鬼童丸
圆寂是指佛门中的人去世,是的
以下哪个是薰的技能,温柔的守护
一般来说男子行拱手礼时应该左手在外,是
紧那罗共能弹奏几种律音,5
传记中妖琴师为谁而奏曲,虫子
阴阳师达到多少级百鬼夜行可以邀请好友,10
妖狐试图掳走的妖怪是,鲤鱼精
剧情中辉夜姬的好朋友是,金鱼姬
雨女不能驱散的是哪个状态,晕眩
面灵气的善面不能为友方提供以下哪种效果,速度
云外镜阳状态下昙无造成的伤害与自身的哪个属性有关,防御
海坊主为什么要打劫并威胁渔夫们,保护渔夫
子时是什么时候,23点1点
游戏剧情中谁是大江山众妖的首领,酒吞童子
刹那莲华绽放恢复友方生命总量与帝释天的哪个属性有关,攻击
以下式神中手上拿着琴的是,妖琴师
胧车是谁的部下,玉藻前
成功躲过灶门炭治郎头槌的是,宇髓天元
为什么老张家的马吃掉了老李家的象,他们在下象棋
绘卷中谁曾经以女装的身份登场出现在罗生门附近,茨木童子
惠比寿的技能鲤鱼旗鲤鱼旗最多继承惠比寿百分之多少生命,60
御怨般若获得仇恨印记的上限数量是,9
以下式神中谁被称为铃鹿山的少主,大岳丸
剧情中是谁杀害了犬神的好友雀丁,九命猫
在断桥上一直等待夫君归来的妖怪是,雨女
炭治郎第一次见无限列车以为他是,土地守护神
以下式神中谁能操纵敌方式神,帝释天
清姬经历了谁的背叛之后化为了妖怪,恋人
伊之助第一次摘掉头套我妻善逸的反应是,长得像女生
面灵气的面具是由谁制作而成,秦川胜
剧情中没有伴随晴明释放阴阳分离之术而失忆的式神是,其余选项皆对
韩非子是八仙过海中的八仙之一,不是
以下式神中觉醒前头上没有面具的式神是,大天狗
鬼灭之刃题目鬼灭中梦魇如何避免强制昏睡进入梦境,避免对视
剧情中傀儡师和她的哥哥沉睡在何处,三途川中
应该给账号设置什么资料保护安全A填写实名信息B设置密码和安全问题C其他选项信息均要设置D绑定安全手机,C
成语毛遂自荐中的毛遂是战国四公子中谁的门客,平原君
一条小小虫自己做灯笼躲在灯笼里变个飞仙女猜昆虫,蚕
祢豆子咬着竹筒是因为,怕咬伤人
以下哪个式神没有获得鬼火的能力,追月神
以下哪个式神有加快推进鬼火行动条的能力,追月神
以下式神中吹奏笛子控制妖怪们的是,大天狗
中国最早的历法是什么,夏历
以下式神中以面色鲜红的形象出现的是,提灯小僧
满足什么条件后就能够将式神放置于庭院内,解锁传记一至三
人民通常在中秋节吃什么点心以示团圆,月饼
以下式神中谁是荒川之主口中的小矮子,金鱼姬
在关睢一诗中青年男子爱上的窈窕淑女在摘野菜,是的
以下哪个是大天狗的技能,钢铁之羽
冥界的引路人指的是,鬼使黑和鬼使白
鬼灭之刃题目炭治郎遇到无惨时抱着小孩叫无惨什么,爸爸
谜鸦的作用是,联络消息
以下哪个御魂的二件套属性不是效果抵抗,针女
鱼头人身的是,海坊主
坐也是卧立也是卧行也是卧卧也是卧猜动物,蛇
御魂是用来,提升式神能力
武当山是中国四大佛教名山之一,不是
烟火大会中使用的烟火是有什么制成的,火药
总迟到的呱,彼岸花呱
面灵气的恶面能为自身提供以下哪种效果,速度
鬼灭之刃题目下弦一魇梦与什么融为一体,无限列车
以下式神中谁的武器是手里剑,风狸
绘卷中谁是玉藻前的孩子,羽衣
新冠病毒的主要传播途径是,飞沫传播
炼狱慎寿郎通过什么认定灶门炭治郎使用的是日之呼吸,耳饰
有个每周获取有上限的是,斗技荣誉点
铃鹿御前的其中一把武器名是,逐影
以下式神中惧怕下雨天的是,日和坊
袭人芳官伴宝玉猜一成语,花花公子
五斗米教是谁创立的,张道陵
头像框花柒语的获得方式是,签到777天
3个空啤酒瓶可以换1瓶啤酒18瓶空啤酒瓶最多可以免费喝几瓶啤酒,9
以下式神声优和其他不一样的是,童男
以下式神中哪个能给人们带来财富和幸运,座敷童子
古时候一个时辰等于现在2小时,是的
御魂反枕的四件套可能触发的效果是,使目标沉睡
以下式神中喜欢讲故事的是,青行灯
龙井茶的产地是哪里,浙江
青行灯在哪里第一次遇到凤凰火,凤凰林
以下材料或道具哪种不能通过花合战获得,御魂
能提高身体排污能力的食物是,豆类
歇后语山中无老虎的后一句是什么,猴子称大王
通过暴食鬼能做到的是,升级式神
鬼灭之刃题目下弦之壹魇梦最终与什么东西融为一体,无限列车
以下式神中手持巨大蒲公英的是,萤草
御魂狰的四件套可能触发的效果是,反击
成就点达到多少后可以指导后辈,2500
外套改马甲猜一成语,双管齐下
以下哪种能力是天剑韧心鬼切无法拥有的,无法选中
荒的技能星辰之境所触发的效果,荒的协战
缚骨清姬的蛇灵会对带有哪种状态的目标进行攻击,怨
以下皮肤中哪款不属于妖刀姬,冬岚之刃
以下式神中坐在锅妖上的是谁,孟婆
坐也是行立也是行行也是行卧也是行猜动物,鱼
钢的主要成份是,铁碳
队友每回合首次普攻拥有羽授的待宵姑获乌会触发哪种效果,协战
入木三分这个成语原本是用来形容什么的,书法
以下哪个技能是嘲讽技能,坚不可破
以下式神中声优和其他不一样的是,桃花妖童男
千姬的海原贝戟继承多少防御,1
鬼灭之刃题目祢豆子的竹筒是谁让咬着的,富冈义勇
晴明的御灵是,神龙
传记中山童的绿子姐姐被哪种妖怪抓走了,河童
传记中天才棋师弈在最后一场棋局中同时与多少人对弈,十人
单人挑战巫女大蛇悲鸣时需要消耗多少体力,12点
鬼灭之刃题目我妻善逸埋伏游郭展现了什么才艺,弹三味线
嘴平伊之助有几把日轮刀,2把
剧情中食发鬼最终折服于谁的容貌,晴明
鬼灭之刃题目梦魇如何避免强制昏睡进入梦境,避免对视
鬼童丸在修罗状态下总共能施放几次猎魂狂杀,3
钢的主要成分是,铁碳
五星红旗的比宽比例是,3比2
以下皮肤中哪款不属于鬼切,琥珀龙魂
苍风一目连的风盾护盾值与自身的哪个属性相关,攻击
以下式神中不携带任何御魂的情况下谁的技能能造成间接伤害,山风
不知火星火结界存在回合数是,2
以下哪种能源不属于清洁能源,煤炭
下列哪项不是端午节的习俗,登高采菊
阎魔觉醒的增强效果是,速度增加
炭治郎水之呼吸有几种招式,十种
辉夜姬的坐骑是,竹子
白天草里住晚上空中游金光闪闪动见尾不见头猜昆虫,萤火虫
以下式神中四处云游喜欢去人迹罕至的地方的是,书翁
薙魂两件套触发效果,生命加成
以下式神中有兄弟或姐妹是谁,鬼使黑
道德经是谁写的,老子
每个式神最多可以装备几个御魂,6
头像框玲珑锦簇的获得方式是,签到1234天
组队挑战御魂或觉醒副本的一到十层需要消耗多少体力,4点
协同斗技中每位玩家可以选择几位式神,5
犬神觉醒前背后的房子上写的是,犬屋敷
我妻善逸埋伏游郭展现的什么才艺,弹三味线
以下式神说话时会在尾句加上喵的是,九命猫
出现在下弦之壹魇梦为我妻善逸制造的梦境里的是,灶门称豆子
在无限列车中第一个醒来的是谁,灶门炭治郎
可以为式神提供大量经验的道具是,招福达摩
绘卷中雪童子的本体是,挂上玉藻前佩刀的雪人
挑战年兽副本需要消耗多少体力,12
合成SR式神需要多少碎片,40
樱花妖施放樱吹雪有以下哪个效果,其余选项皆对
躲过炭治郎头槌的是谁,宇髓天元
以下幻境或结界中哪一个能由帝释天开启,王之盛宴
以下式神中有兄弟或姐妹是谁,童女跳跳哥哥跳跳妹妹
千姬的海原贝戟生命值与千姬的哪个属性有关,攻击
金玉其外败絮其中中的絮指的什么,棉花
以下哪个技能可以为己方提供鬼火,祸福相生
提高身体排污能力的是什么,豆类
以下式神中传说能给人们带来财富的是,患比寿
夏季在烈日下工作或运动量过大出汗多时为预防中暑应多喝什么,盐开水
黄草的治疗与自身的个属性相关,攻击
以下哪个御魂的2件套属性不是效果抵抗,针女
以下妖怪中被称为风神的是谁,一目连
一个直角三角形斜边长10一条直角边长6请问另一条直角边多长,8
觉醒材料有多少种类,4
在公共汽车地铁火车飞机等公共场所朋友或熟人间说话应该,轻声细语不妨碍别人
个人结界突破劵最多能储存多少张,30张
以下哪些内容不可以在图鉴查看,式神等级
我妻善逸现在的发色是如何来的,被雷劈后变色
在下列选项中海洋等深线最密集的地方是,海沟
以下谁不是春秋五霸,秦恒公
猫的尾巴与身体成一条直线时表示什么,准备攻击
以下式神中被称为森林之王的是,山风
在黑夜山扰乱玄武结界的式神是,大天狗
灶门炭治郎使用的水之呼吸有几种招式,十种
唱念做打是中国戏曲表演的四种艺术手段也是戏曲表演的四项基本功其中做指的是面部表情,不是
下列不属于三十六计的是什么,后发制人
百鬼夜行中非鬼王SSR级式神每次可以提供多少碎片,1
哪里的烤鸭比较有名,北京
传记中饿鬼的姐姐每天吃什么,树根
六弦琴是什么乐器的别称,吉他
荒川中最强大的妖怪是,荒川之主
以下道具或材料哪种不能通过花合战获得,御魂
绘卷中歌姬不知火在哪里长大成人,离岛
御怨般若的仇恨印记最多有几层,9
鬼灭之刃题目最终选拔存活几天,7天
犬子这一称唿的盛行和下列哪位历史人物有关,司马相如
匣少女的手上拿着的是什么,人偶
以下哪个技能可以增加己方行动条,兔子舞
不携带任何御魂的御馔津不能附加哪种效果,变形
鬼灭之刃题目灶门炭治郎额头的伤疤是为了保护谁留下的,弟弟
灶门炭治郎使用哪一招式砍断了下弦之壹魔梦的脖子,火之神神乐
拿着大人偶的女孩指的是,傀儡师
大气中起吸收紫外线保护地球生命作用的是哪种成分,臭氧
我国历代船工海员渔民所信奉的神祇是谁,妈祖
一般钢琴是一连串八度音程区间所构成请问一音程中有几个黑键,5个
传记中谁与入殓师和一反木绵建立了深厚的情谊,织雪
奉为达摩的眼睛,都是黑色
樱花妖的夫君是谁,忠义
平安百物语中金鱼姬征服世界道路上第一个想要打败的人是,荒
五香除花椒茴香籽外还包括什么,八角桂皮丁香花蕾
鬼灭之刃题目我妻善逸的发色是来的,被雷劈了之后
挑战御魂副本可以获得,御魂
一目连为抵抗洪水失去了什么,眼睛
百鬼夜行中非鬼王呱类式神每次可以提供多少碎片,1片
世界上最大的鲸是鲸,蓝鲸
木魅两件套,防御加成
鎹song鸦的作用,联络消息
兑换语音表情需要以下哪些道具,其余选项皆对
猫的身体尾巴连成一条直线表示什么,准备攻击
灶门称豆子通过哪种方式恢复体力,睡觉
弱冠是指多少岁,二十
鬼灭之刃题目炭治郎在游郭如何安抚发狂的豆子,唱摇篮曲
烟火大会中哪种安全措施是必须遵守的,保持安全距离
两面佛的两面分别是,风神雷神
在鸭川河扰乱青龙守护结界的是谁,荒川
在画画的时候如果绿色颜料用完了可以用哪几种颜色混合,混合黄色和蓝色
烟火大会中哪种情况下应该遵守安全指示,任何时候
八百比丘尼挟持了谁来要求晴明解除八岐大蛇的封印,神乐
以下妖怪中喜欢打鼓的是谁,天邪鬼黄
独眼小僧背着的石僧是他的谁,师父
以下哪个不是镰鼬的技能,鬼袭
以下个效果是星熊童子附加的,众矢之的
盲人摸象猜一成语,不识大体
百鬼夜行中非鬼王SR级式神每次可以提供多少碎片,2片
宇髓天元出生什么世家,忍者世家
我妻善逸的发色是什么来的,被雷劈了之后
妓夫太郎与堕姬的关系是,兄妹
冥界中谁拥阎魔之目一双审善度恶,阎魔
大江山轶闻源赖光无法逃避无力改变的东西是,狐火降临京都的夜晚
以下式神中手持纸伞的是,雨女
以下式神中谁的尾巴最多,三尾狐
中暑的时候应喝什么,盐水
以下式神不能造成间接伤害的是,蟹姬
俗称长生果是指,花生
天然黑爱补刀,辉夜姬呱
以下哪种伤害会触发目标的被动,残阳无影不动
以下妖怪中手持风筝的是谁,天邪鬼青
平安百物语中呱太们入侵京都是为了什么,毁灭京都
剧情中黑童子和白童子成为了谁的弟子,鬼使黑和鬼使白
游戏剧情中谁是大江山众妖中的首领,酒吞童子
在剧情中最初的那一只食梦貘吞食了谁的噩梦,黑晴明
垃圾经公众分类投放后成为公众所在小区或社区的区域性,准公众资源
打蛇打七寸的七寸是指,心脏
名落孙山中的孙山是一个人名,是的
一个说可以一个说凑合还有一个无所谓猜一成语,行将就木
黑童子唯一的朋友是,白童子
绘卷中谁是玉藻前的孩子,爱花
具有止血功能的维生素是,维生素k
召唤新式神需要消耗什么道具,神秘的符咒
炭治郎头上的疤是保护谁留下的,弟弟
镰鼬三兄弟的长兄叫做,一太郎
鬼火行动条第二次推进到5格时获得的鬼火数是,4
传记中彼岸花呱在阎魔呱偷偷归还衣服的时候为她准备了什么,伤损药膏
头像框乌帽子的获得方式是,每周斗技本服前一百名
小鹿男的技能可以造成的效果是,其余选项皆对
土蜘蛛在什么地区附近出现,青之森
鬼灭之刃题目我妻善逸用于与其他队员联络的动物是,麻雀
鬼灭之刃题目炭治郎第一次见到无惨是在哪儿,东京府浅草
鬼灭之刃题目炭治郎第一次见无限列车以为他是,土地守护神
头像框百鬼之主的获得方式是,为崽而战捌段前十
以下哪个御魂的4件套效果为初次出场时获得鬼火,火灵
跳跳妹妹的宠物狗名字是,番茄
赤壁之战中谁战败了,曹操
以下哪个不是佛教中的四大天王之一,无闻天王PS佛教四大天王是持国天王广目天王多闻天王增长天王
鬼灭之刃题目初次见到灶门祢豆子时我妻善逸怎样看待祢豆子的,好可爱
以下技能中附加控制效果的是,暴风雪
以下式神中谁的梦想是统治世界,金鱼姬
以下式神中擅长舞蹈的是谁,樱花妖
灶门炭治郎无法面不改色做的事情,撒谎
鬼谷子的作者是谁,鬼谷子
二十四史是我国古代二十四史的总称其中只有一部是完全意义上的通史它是三国志,不是
在七角山秘闻剧情中谁帮助晴明寻找白狼,萤草
剧情中荒作为高天原的使者与阎魔和神乐对话高天原代表的是,天界
游戏中许多式神都有着对应的同人歌曲创作黑风凯歌是属于谁的,大天狗
帮助几位后辈完成独当一面任务后可以获得誉满京都头像,5
哪种材料可以提升式神技能等级,御行达摩
传记中面灵气的七个面具里蕴含着什么,七种情绪
声望达到多少可以每日挑战2只不同的地域鬼王,2000
红茶属于什么茶,全发酵
太平道教是谁创立的,张角
所有呼吸的起源,日之呼吸
九十九猜一字,白
升级体力食盒需要消耗的道具是,勋章
炼狱植寿郎初次见灶门炭治郎时说他使用的呼吸是,日之呼吸
粉色头发的毒舌女孩指的是,觉
经常被用来辨别方向的北极星是属于哪个星座的,小熊星座
以下呱太中谁的手上系着气球,茨木呱
绿色蔬菜营养丰富下列不属于绿色蔬菜营养物质的,蛋白质
会长离线时间超过几天阴阳寮成员可以选择罢免会长,7天
长庚是中国古代对哪一颗行星的称唿,金星
鬼灭之刃题目我妻善逸埋伏游郭展现的什么才艺,弹三味线
面具的细节不同象征着的妖怪也不同红脸高鼻式的面具是属于谁的,大天狗
御魂树妖的四件套可能触发的效果是,治疗加成
樱花妖的好朋友是谁,桃花妖
以下式神中擅长演奏的是,妖琴师
以下技能中能保护友方的技能是,方圆之备
9级的体力食盒每次可以存储多少溢出经验,250
火车连续发出两声长鸣这表示,倒退
信天游是中国哪个省的民歌风格,陕西
以下哪个不属于岁寒三友,菊
两面佛攻击时风神对敌方会造成以下哪种效果,造成间接伤害
在成语按图索骥中骥指的是什么,马
灶门炭治郎在参与最终选拔时遇到的鬼是谁,手鬼
以下宠物中哪一个可以通过参与公益活动守护的契约获得,赤雪犬
我妻善逸化名善子在游郭京极屋展现了什么特技,弹三味线
白狼擅长的是,弓箭
待宵姑获鸟每3次普攻下1次普攻会替换成以下哪个技能,墨影剑光
独眼小僧背着的石僧是他的,师父
鬼灭之刃题目灶门祢豆子通过哪种方式恢复体力,睡觉
传记中一目连为抵抗洪水而失去了什么,眼睛
以下式神中哪一个无法通过受到治疗恢复生命,云外镜
永久勾玉卡多少小时可以领取一次5勾玉,6
炼狱千寿郎将什么作为兄长遗物送给炭治郎,刀锷
以下式神中谁不属于铃鹿山,泷夜叉姬
被称为画圣的古代画家是顾凯之,不是
鬼灭之刃题目谁不是宇髓天元的妻子,祢豆子
绘卷中与缚骨清姬爱纠缠的男子是,安珍
诗句问世间情为何物直教人生死相许的原作者是元好问,是的
新冠疫苗接种的必要性不包括以下哪一点,增强假日消费能力
以下哪个技能是群体伤害技能,吸魂灯
成语典故泾渭分明和棋文化有关,不是
杀颜良诛文丑温酒斩华雄猜一成语,性命攸关
剧情中跳跳一家中的谁误入了冥界,跳跳哥哥
以下式神中人身蛇尾的是,清姬
巴以战争争端的焦点在于,土地主权
彼岸花的花海会在什么时机造成伤害,敌方回合开始时
以下式神中谁不能使友方式神恢复血量,缚骨清姬
工笔是哪种绘画形式的技法,国画
会长不上线几天可以罢免,7天
颜值是用来评价一个人哪一方面的,长相
哪个不是式神的稀有度等级,A
池里不见水地上不见泥猜一字,也
鬼灭之刃题目鎹鸦的作用是,联络消息
觉醒材料有几种,4
游戏剧情中喜欢帮助弱者盗取田中之水狮鼻通体赤红的妖怪是,赤舌
以下哪个技能可以为己方提供鬼火,福祸相生
鬼灭之刃题目妓夫太郎与堕姬是关系,兄妹
以下式神中谁讲述了入殓师和一反木绵的故事,天井下
说者无心后半句是什么,听者有意
从地球上看月球人们最多可以看到月球表面的百分之几,59
以下结界卡中可以获得金币的是,伞室内
以下哪个是孟婆的技能,天降之物
加入了剧情的秘闻副本是,征服世界金鱼姬
日和坊背着的娃娃叫做,晴天娃娃
以下式神中谁的眼睛最少,天邪鬼黄
刻舟求剑这个故事出自于那部古籍,吕氏春秋
动画片中舒克贝塔历险记中舒克是什么职业,飞行员
剧情中童男提到草薙剑的碎片藏在何处,热田神宫
薰身边的鸟类伙伴是鸟,鸮
撼山易撼隋文帝难猜一成语,坚不可摧
不考虑御魂与技能斗技战斗开始时的鬼火数是,4
以下式神中身上带有面具的是,鸦天狗
阴阳寮宴会中最高档次料理是,本膳料理
荒川呱见到荒川之主,跪地求饶
夏季在烈日下工作或运动量过大出汗多时为预防中暑应多喝,盐开水
以下哪个式神能解除眩晕效果,鬼灯
传记中饿鬼每天吃什么,地瓜
我妻善逸最初见到豆子觉得她,好可爱
鸩的哪个部位有剧事,羽毛
黄河流经我国的多少个省份,9
宇髓天元出生于什么世家,忍者家族
以下式神中手持折扇的是,弈
可以通过什么方式获得新式神,其余选项皆对